File Path,Classification
../data\00XSrcc_jpg.jpg,Obscene
../data\00sy7s15nyoz_jpg.jpg,Obscene
../data\009_jpg.jpg,Obscene
../data\00gTm2G_jpg.jpg,Obscene
../data\00821_jpg.jpg,Obscene
../data\000d5f50107b4925b8db57a2784d2ef7_fit_max&h_1536&w_1536&s_8c1d602fa8f1f25e4b76c518d817f0dc.jpg,Obscene
../data\01HbeUd_jpg.jpg,Obscene
../data\00FZZbo_jpg.jpg,Obscene
../data\01I9xEx_jpg.jpg,Obscene
../data\01SQcoU_jpg.jpg,Obscene
../data\00LenAh_jpg.jpg,Obscene
../data\001os10ebewz_jpg.jpg,ERROR
../data\01lcJ26_jpg.jpg,Obscene
../data\02yqjfg9ga221_png.jpg,Obscene
../data\01xwvv4w6t821_jpg.jpg,ERROR
../data\022a7eknlv121_jpg.jpg,Obscene
../data\01v1wrpz4by01_jpg.jpg,Obscene
../data\01e3gNh_jpg.jpg,Obscene
../data\010IBup_jpg.jpg,Obscene
../data\02ypnb7bhqez_jpg.jpg,Obscene
../data\02A1aBe_jpg.jpg,Obscene
../data\020eYP2_jpg.jpg,Obscene
../data\02s21_jpg.jpg,Obscene
../data\01WXU4S_jpg.jpg,Obscene
../data\00ywUJA_jpg.jpg,Obscene
../data\00mv0JI_jpg.jpg,ERROR
../data\0267f67c688d467a89bb9c7f7e775902_fit_max&h_1536&w_1536&s_b8ffb15c91ce456d1680af39cb27d91f.jpg,Obscene
../data\018aff56570c496ab59a5462481bdfc8_fit_max&h_1536&w_1536&s_9adb3f6dd2c4f7783290c1de2597c03e.jpg,Obscene
../data\02wTSJn_jpg.jpg,Obscene
../data\024ZF1E_jpg.jpg,Obscene
../data\030vtt9c5bl01_jpg.jpg,Obscene
../data\02oarjoh2uc11_jpg.jpg,Obscene
../data\0377j1mhaix11_jpg.jpg,Obscene
../data\0228rjd_jpg.jpg,Obscene
../data\02NiF6q_jpg.jpg,ERROR
../data\01zszk21fgp11_jpg.jpg,ERROR
../data\03HwNYM_jpg.jpg,Obscene
../data\041ScI4_jpg.jpg,Obscene
../data\04blCGF_jpg.jpg,Obscene
../data\03ykenelxmi11_jpg.jpg,Obscene
../data\03Al1mu_jpg.jpg,ERROR
../data\03h4Ohq_png.jpg,Obscene
../data\04cxTV7_jpg.jpg,Obscene
../data\03lPccX_jpg.jpg,Obscene
../data\04927aefb3bc4a1da27e0562e25d19b1_fit_max&h_1536&w_1536&s_d61412ac8898071481766e5ab0c9732f.jpg,Obscene
../data\02b4effba2074f079f5b44a758b00f72_fit_max&h_1536&w_1536&s_ba9642f99cee114b44a8f468fa61da36.jpg,Obscene
../data\04eI1yz_jpg.jpg,Obscene
../data\03VXjBL_jpg.jpg,Obscene
../data\04212227c16949cc9f4cd7cc7682d89c_fit_max&h_1536&w_1536&s_845db340b81f19319cab7bae7464e88e.jpg,Obscene
../data\047svsrxnt421_jpg.jpg,Obscene
../data\04ucsaw2vwty_jpg.jpg,ERROR
../data\05DGw3Q_jpg.jpg,Obscene
../data\05ve4u6wies11_jpg.jpg,ERROR
../data\0480btg5s3b21_jpg.jpg,Obscene
../data\055nPLb_jpg.jpg,Obscene
../data\05hMtil_jpg.jpg,Obscene
../data\052exz9wx9h11_jpg.jpg,Obscene
../data\05nhCsT_jpg.jpg,Obscene
../data\03wnjUJ_jpg.jpg,Obscene
../data\05ssT6H_jpg.jpg,Obscene
../data\05j87FM_jpg.jpg,Obscene
../data\05g2c58_jpg.jpg,Obscene
../data\05buyklwu1d01_jpg.jpg,Obscene
../data\05n41stot2221_jpg.jpg,Obscene
../data\04z3A_jpg.jpg,Obscene
../data\04o7nu6_png.jpg,Obscene
../data\07dfra6b7c221_jpg.jpg,Obscene
../data\0511033ea71646e29fe9ea4521d2805e_fit_max&h_1536&w_1536&s_d65647f755507df61b52fc1ffb417372.jpg,Obscene
../data\072srIi_png.jpg,Obscene
../data\05X3CcP_jpg.jpg,Obscene
../data\07qkg5wa5nyy_jpg.jpg,Obscene
../data\05hMrL0_jpg.jpg,Obscene
../data\06Lz1qi_jpg.jpg,Obscene
../data\08lcrsesch121_jpg.jpg,Obscene
../data\06fyf6jrak611_jpg.jpg,Obscene
../data\05zoh1zbdnz01_jpg.jpg,Obscene
../data\04iqdns5ug221_jpg.jpg,Obscene
../data\06d13c54671b4aea82781397788d5bf6_fit_max&h_1536&w_1536&s_f7bdd381e0d1b55a2639303bf831786d.jpg,Obscene
../data\03M029Z_jpg.jpg,ERROR
../data\08236b597a028c2f833c805f306d53e4_jpg.jpg,Obscene
../data\06GvsFW_jpg.jpg,Obscene
../data\06xpn09_jpg.jpg,Obscene
../data\06P3P_jpg.jpg,Obscene
../data\084ylxB_jpg.jpg,Obscene
../data\075Hgro_jpg.jpg,Obscene
../data\08OMKDY_jpg.jpg,Obscene
../data\08mh3uzjvaw01_jpg.jpg,Obscene
../data\07kZwc6_jpg.jpg,Obscene
../data\07kcyzwrfh321_jpg.jpg,Obscene
../data\0aeSdIV_jpg.jpg,Obscene
../data\09wmjVw_jpg.jpg,Obscene
../data\07Sv8uT_jpg.jpg,Obscene
../data\0888yeL_jpg.jpg,Obscene
../data\096yntjakd121_jpg.jpg,Obscene
../data\095z6brsly321_jpg.jpg,Obscene
../data\08N8laD_jpg.jpg,Obscene
../data\07unhy27pha01_jpg.jpg,ERROR
../data\0ang3I7_jpg.jpg,Obscene
../data\0aPkZ_jpg.jpg,Obscene
../data\09yOatk_jpg.jpg,Obscene
../data\0akLXJH_jpg.jpg,Obscene
../data\0a9p4jzp08x11_jpg.jpg,Obscene
../data\097sgi43euf11_jpg.jpg,Obscene
../data\0anJ1WI_jpg.jpg,Obscene
../data\0as7he3wanu11_jpg.jpg,ERROR
../data\076txbhfnt121_jpg.jpg,ERROR
../data\09fe7cz_jpg.jpg,Obscene
../data\0aVBNzp_jpg.jpg,Obscene
../data\0BI9q_jpg.jpg,Obscene
../data\09POXRJ_jpg.jpg,Obscene
../data\07zr1yzp2yz01_jpg.jpg,ERROR
../data\0buubCp_jpg.jpg,Obscene
../data\099cucc1bbbz_jpg.jpg,Obscene
../data\0CXPD_jpg.jpg,Obscene
../data\0b1JS2q_jpg.jpg,Obscene
../data\0b0og7wnsna21_jpg.jpg,Obscene
../data\0BxF6Pg_jpg.jpg,Obscene
../data\0BxdD_jpg.jpg,Obscene
../data\0caabdff1e5142da9581b3e1144b5a0d_fit_max&h_1536&w_1536&s_01dc4e761a8aa9e0db63f67bac6931bc.jpg,Obscene
../data\0AJvHew_jpg.jpg,Obscene
../data\06XvTEV_jpg.jpg,ERROR
../data\0DwLgm6_jpg.jpg,Obscene
../data\0cprHbl_jpg.jpg,Obscene
../data\0bldl1vgwto11_jpg.jpg,Obscene
../data\0dvfd7ydln621_jpg.jpg,Obscene
../data\0chWBTs_jpg.jpg,Obscene
../data\0arOxKG_jpg.jpg,Obscene
../data\0afHX_jpg.jpg,Obscene
../data\0cD9P3Z_jpg.jpg,Obscene
../data\0bhEKva_jpg.jpg,ERROR
../data\0ddjgg4ji7a21_jpg.jpg,ERROR
../data\0BLobrh_jpg.jpg,Obscene
../data\0dezcmh_jpg.jpg,Obscene
../data\0AwOKTr_jpg.jpg,Obscene
../data\0CF24JG_jpg.jpg,Obscene
../data\0asSeV9_jpg.jpg,ERROR
../data\0dBO85D_jpg.jpg,Obscene
../data\0Ce2SX5_jpg.jpg,ERROR
../data\0dgee4t4n2s11_jpg.jpg,Obscene
../data\0cjmctjn9a121_jpg.jpg,Obscene
../data\0D3b8VQ_jpg.jpg,Obscene
../data\0BA8Uqx_jpg.jpg,Obscene
../data\0d1quw1njd601_jpg.jpg,ERROR
../data\0dMqBMC_png.jpg,Obscene
../data\0dpsqPK_jpg.jpg,Obscene
../data\0dKVPQP_jpg.jpg,Obscene
../data\0cm5gg3s42321_png.jpg,Obscene
../data\0d34y57hboaz_jpg.jpg,Obscene
../data\0e1wqg1aee611_jpg.jpg,Obscene
../data\0C5O7tb_jpg.jpg,Obscene
../data\0e8rf1faoop01_jpg.jpg,Obscene
../data\0elc3kK_jpg.jpg,Obscene
../data\0eNXZqw_jpg.jpg,Obscene
../data\0D0PRl5_jpg.jpg,Obscene
../data\0dfdjbhaies11_jpg.jpg,Obscene
../data\0epvhbgm2y321_jpg.jpg,Obscene
../data\0EyUeC0_jpg.jpg,Obscene
../data\0eW4O4F_jpg.jpg,Obscene
../data\0Fyvv4P_jpg.jpg,Obscene
../data\0eL0Tr3_jpg.jpg,Obscene
../data\0eW2VuM_jpg.jpg,Obscene
../data\0FTEWeW_jpg.jpg,Obscene
../data\0G0pwXo_jpg.jpg,Obscene
../data\0D4WV5m_jpg.jpg,Obscene
../data\0fm3Gbv_jpg.jpg,Obscene
../data\0fb93b0c9b284d3e8ccf74dd267a77c4_fit_max&h_1536&w_1536&s_67f26c8ab9e1abdf2a6e14d0df1d1ea9.jpg,Obscene
../data\0h8tfp764gl01_jpg.jpg,Obscene
../data\0ff3UE8_jpg.jpg,Obscene
../data\0eTv41Z_jpg.jpg,Obscene
../data\0ERb0uM_jpg.jpg,Obscene
../data\0g7uu4gfwyp11_jpg.jpg,ERROR
../data\0h10sajru6s11_jpg.jpg,Obscene
../data\0h30GD6_jpg.jpg,Obscene
../data\0Gbrwko_jpg.jpg,Obscene
../data\0hEnmaX_jpg.jpg,Obscene
OR
../data\0GLyZwh_jpg.jpg,Obscene
../data\0GBys0Z_jpg.jpg,Obscene
../data\0ERTa4b_jpg.jpg,Obscene
../data\0gFUpNE_jpg.jpg,Obscene
../data\0Fz3zJt_jpg.jpg,Obscene
../data\0GBSs_jpg.jpg,Obscene
../data\0g5TipY_jpg.jpg,Obscene
../data\0geta36erbq01_jpg.jpg,ERROR
../data\0GGVRf5_jpg.jpg,Obscene
../data\0fBT2_jpg.jpg,Obscene
../data\0eB5N4J_jpg.jpg,ERROR
../data\0g2wogjeor211_jpg.jpg,Obscene
../data\0HSTvhj_jpg.jpg,Obscene
../data\0ffbfc1_jpg.jpg,Obscene
../data\0FIalTL_jpg.jpg,Obscene
../data\0faj9p9hsvx11_jpg.jpg,Obscene
../data\0hMxswz_jpg.jpg,Obscene
../data\0iee81gvi9901_jpg.jpg,Obscene
../data\0g0tsxlqua921_jpg.jpg,Obscene
../data\0H4CMDG_jpg.jpg,Obscene
../data\0H0Dl_jpg.jpg,Obscene
../data\0Hhqcn7_jpg.jpg,Obscene
../data\0iCnr0U_jpg.jpg,Obscene
../data\0hZ9lYo_jpg.jpg,Obscene
../data\0h6T9rh_jpg.jpg,ERROR
../data\0hgKC4S_jpg.jpg,Obscene
../data\0g2j0uk2ojk11_jpg.jpg,Obscene
../data\0evu38pe5oi11_jpg.jpg,ERROR
../data\0fy3D14_png.jpg,ERROR
../data\0iUpL1w_jpg.jpg,Obscene
../data\0j2h175212b21_jpg.jpg,Obscene
../data\0jbuf2l2f2p11_jpg.jpg,Obscene
../data\0IlaV_jpg.jpg,Obscene
../data\0I2UJng_jpg.jpg,Obscene
../data\0KdfW_jpg.jpg,Obscene
../data\0jmGg_jpg.jpg,Obscene
../data\0gllzevc05801_jpg.jpg,ERROR
../data\0jBrvZe_jpg.jpg,Obscene
../data\0jFgzym_jpg.jpg,Obscene
../data\0jL0uvE_jpg.jpg,Obscene
../data\0imVgB1_jpg.jpg,Obscene
../data\0JcGAzQ_jpg.jpg,Obscene
../data\0iok3qhzw0m01_jpg.jpg,ERROR
../data\0JWtSlz_jpg.jpg,Obscene
../data\0jd9Rhc_jpg.jpg,Obscene
../data\0jQ6qAS_jpg.jpg,ERROR
../data\0je0olajh0m01_jpg.jpg,ERROR
../data\0ezxnj81jm521_jpg.jpg,ERROR
../data\0KnjGzr_jpg.jpg,Obscene
../data\0j6uRFk_jpg.jpg,Obscene
../data\0kUyjK9_jpg.jpg,Obscene
../data\0KohBdd_jpg.jpg,Obscene
../data\0ji2lnvpau721_jpg.jpg,ERROR
../data\0JSStrJ_jpg.jpg,Obscene
../data\0k2ekb4832821_jpg.jpg,Obscene
../data\0kyO3sh_jpg.jpg,Obscene
../data\0kS0eFM_jpg.jpg,Obscene
../data\0jZZ1lS_jpg.jpg,Obscene
../data\0jLtl84_jpg.jpg,Obscene
../data\0KZCZkP_jpg.jpg,Obscene
../data\0klU11Q_jpg.jpg,ERROR
../data\0kvhhao74ha21_jpg.jpg,ERROR
../data\0kJzh6p_jpg.jpg,ERROR
../data\0lm6cn7csfl11_jpg.jpg,Obscene
../data\0LyBhSk_jpg.jpg,Obscene
../data\0lk4vpripxg01_jpg.jpg,Obscene
../data\0LIieCa_jpg.jpg,Obscene
../data\0lfNsf4_jpg.jpg,Obscene
../data\0lgHR_png.jpg,ERROR
../data\0lulkf2_jpg.jpg,Obscene
../data\0lNGc8r_jpg.jpg,Obscene
../data\0LAo1An_jpg.jpg,Obscene
../data\0LAcpRJ_jpg.jpg,Obscene
../data\0LBwGFV_jpg.jpg,Obscene
../data\0m2y6tt_jpg.jpg,Obscene
../data\0lVYJcg_jpg.jpg,Obscene
../data\0L1wN_jpg.jpg,Obscene
../data\0mLAbnZ_jpg.jpg,Obscene
../data\0M0q5RD_jpg.jpg,Obscene
../data\0m6C28Y_jpg.jpg,Obscene
../data\0m1HuJg_jpg.jpg,Obscene
../data\0L6pj_jpg.jpg,ERROR
../data\0met0cvrk3921_jpg.jpg,ERROR
../data\0m8BIVm_jpg_1.jpg,Obscene
../data\0MlD314_jpg.jpg,Obscene
../data\0msl9zrxgga21_jpg.jpg,Obscene
../data\0mgzsBf_jpg.jpg,ERROR
../data\0msepzI_jpg.jpg,Obscene
../data\0mOY5_jpg.jpg,Obscene
../data\0m54lrsjlfoz_jpg.jpg,ERROR
../data\0MIfHsA_jpg.jpg,Obscene
../data\0mFtNWs_jpg.jpg,Obscene
../data\0n0pc6msdl611_jpg.jpg,Obscene
../data\0Nk1T87_jpg.jpg,Obscene
../data\0OBSdoq_jpg.jpg,Obscene
../data\0myDSMi_jpg.jpg,Obscene
../data\0mv4fr0i8c721_jpg.jpg,Obscene
../data\0mseogczzj311_jpg.jpg,Obscene
../data\0m5iqf9h6pv11_jpg.jpg,Obscene
../data\0nt2ldq9k2521_jpg.jpg,ERROR
../data\0no318224smz_jpg.jpg,Obscene
../data\0oewgq5zol521_jpg.jpg,ERROR
../data\0ns4U6r_jpg.jpg,Obscene
../data\0OqZz66_jpg.jpg,Obscene
../data\0QpRSd3_jpg.jpg,Obscene
../data\0OpzGOV_jpg.jpg,Obscene
../data\0p41Db4_jpg.jpg,Obscene
../data\0Q1Q0_jpg.jpg,Obscene
../data\0OLq8o0_jpg.jpg,Obscene
../data\0QL6w4c_jpg_1.jpg,Obscene
../data\0pawrdwssu221_jpg.jpg,Obscene
../data\0OmFR0L_jpg.jpg,Obscene
../data\0QHfSz5_jpg.jpg,Obscene
../data\0o92rcjwxva21_jpg.jpg,Obscene
../data\0PxQ4LP_jpg.jpg,Obscene
../data\0oosZ_jpg.jpg,Obscene
../data\0quuroF_jpg.jpg,Obscene
../data\0psa9muzy3g11_jpg.jpg,Obscene
../data\0nr55y4q48211_jpg.jpg,Obscene
../data\0oqehqU_jpg.jpg,Obscene
../data\0qMDoj8_jpg.jpg,Obscene
../data\0rEffWR_jpg.jpg,Obscene
../data\0QkR0gI_jpg.jpg,Obscene
../data\0rnzjYa_jpg.jpg,Obscene
../data\0prcrnl_png.jpg,Obscene
../data\0rpNzCd_jpg.jpg,Obscene
../data\0qYW9FO_jpg.jpg,Obscene
../data\0reepg64gd121_jpg.jpg,Obscene
../data\0p70kbj7wb601_jpg.jpg,ERROR
../data\0qor3r4u1ks01_jpg.jpg,Obscene
../data\0p6c4g1f5kb21_jpg.jpg,Obscene
../data\0RUJnFk_jpg.jpg,Obscene
../data\0rw2z2h_jpg.jpg,Obscene
../data\0poEv90_jpg.jpg,Obscene
../data\0PnRteH_jpg.jpg,Obscene
../data\0Ryb3TB_jpg.jpg,Obscene
../data\0Pk6nD9_jpg.jpg,Obscene
../data\0rpk4w2ptv021_jpg.jpg,Obscene
../data\0p3m6lG_jpg.jpg,Obscene
../data\0RopFzR_jpg.jpg,Obscene
../data\0rWT2_jpg.jpg,Obscene
../data\0qz9zb0gavs11_jpg.jpg,ERROR
../data\0Qb9lO3_jpg.jpg,Obscene
../data\0QYrG0g_jpg.jpg,ERROR
../data\0rlejm4slwa21_jpg.jpg,ERROR
../data\0oRDBf8_jpg.jpg,ERROR
../data\0rn26b2jsd321_jpg.jpg,Obscene
../data\0qTbN_jpg.jpg,Obscene
../data\0p4cbmirkuuz_jpg.jpg,Obscene
../data\0PPP9AC_jpg.jpg,Obscene
../data\0rYzebQ_jpg.jpg,Obscene
../data\0PcMUoK_jpg.jpg,Obscene
../data\0p5g1uhf2u921_jpg.jpg,Obscene
../data\0raKCty_jpg.jpg,Obscene
../data\0s3Ww6d_jpg.jpg,Obscene
../data\0OMVMpM_png.jpg,ERROR
../data\0s9fd_jpg.jpg,Obscene
../data\0Sd85gS_jpg.jpg,Obscene
../data\0TE144O_jpg.jpg,Obscene
../data\0Szl7rH_jpg.jpg,Obscene
../data\0T54i4l_jpg.jpg,Obscene
../data\0sXRj_jpg.jpg,Obscene
../data\0SERv9V_jpg.jpg,Obscene
../data\0TeuVmi_jpg.jpg,Obscene
../data\0snQkYM_jpg.jpg,Obscene
../data\0Snh9lv_jpg.jpg,Obscene
../data\0SnxpY1_jpg.jpg,Obscene
../data\0sp39mar7kv11_jpg.jpg,Obscene
../data\0sCkOuV_png.jpg,ERROR
../data\0SziVrp_jpg.jpg,Obscene
../data\0Snm7wi_jpg.jpg,Obscene
../data\0sLa6at_jpg.jpg,Obscene
../data\0tj96o4cpyw11_jpg.jpg,Obscene
../data\0SWRNrw_jpg_1.jpg,Obscene
../data\0uerbh135by01_jpg.jpg,Obscene
../data\0TjMyme_jpg.jpg,Obscene
../data\0U4o4ES_jpg.jpg,Obscene
../data\0tqw6T8_png.jpg,Obscene
../data\0tmpsyhsc4n01_jpg.jpg,Obscene
../data\0ub9kpW_jpg.jpg,Obscene
../data\0TkhNOe_jpg.jpg,Obscene
../data\0twfg59j8ih11_jpg.jpg,Obscene
../data\0U8dkim_jpg.jpg,Obscene
../data\0TGYtYk_jpg.jpg,Obscene
../data\0tkYAMu_jpg.jpg,Obscene
../data\0UuErhc_jpg.jpg,Obscene
../data\0ulby4idjt021_jpg.jpg,Obscene
../data\0uj7y5q_jpg.jpg,Obscene
../data\0ss63rmvo4v11_jpg.jpg,Obscene
../data\0uHzami_jpg.jpg,Obscene
../data\0vAmZlx_jpg.jpg,Obscene
../data\0UYakNe_jpg.jpg,Obscene
../data\0ue5rww90ed21_jpg.jpg,Obscene
../data\0V8y4_jpg.jpg,Obscene
../data\0uvo5kdcqui11_jpg.jpg,ERROR
../data\0u2g4mituac01_jpg.jpg,ERROR
../data\0uExcnU_jpg.jpg,Obscene
../data\0v669gu_jpg.jpg,Obscene
../data\0Voesep_jpg.jpg,Obscene
../data\0UVaYR2_jpg.jpg,Obscene
../data\0VSvATS_jpg.jpg,Obscene
../data\0uWPEIl_jpg.jpg,Obscene
../data\0u32gb53aeb21_jpg.jpg,Obscene
../data\0v51A69_jpg.jpg,Obscene
../data\0unsgfkowqk01_jpg.jpg,Obscene
../data\0vq9r5p984521_jpg.jpg,ERROR
../data\0Uol3Ck_jpg.jpg,ERROR
../data\0ubsvubjlz511_jpg.jpg,ERROR
../data\0tvqg94_jpg.jpg,ERROR
../data\0vt44oeh3x421_jpg.jpg,ERROR
../data\0xTP3nE_jpg.jpg,Obscene
../data\0wCz6YK_jpg.jpg,Obscene
../data\0yi3WNk_jpg.jpg,Obscene
../data\0yQerVw_jpg.jpg,Obscene
../data\0vXVpGJ_jpg.jpg,Obscene
../data\0xJyy_jpg.jpg,Obscene
../data\0XVQmSU_jpg.jpg,Obscene
../data\0VqSHdZ_jpg.jpg,Obscene
../data\0yTCnsk_jpg.jpg,Obscene
../data\0WGWrsS_jpg.jpg,Obscene
../data\0ycqine529s11_jpg.jpg,ERROR
../data\0Xme7n1_png.jpg,Obscene
../data\0YnMOf9_jpg.jpg,Obscene
../data\0xnHDoX_png.jpg,Obscene
../data\0x8314pzhb011_jpg.jpg,Obscene
../data\0wt8xsucnbt01_jpg.jpg,ERROR
../data\0W7GJq2_jpg.jpg,Obscene
../data\0wDJQnm_jpg.jpg,Obscene
../data\0whmeu7ok9321_jpg.jpg,ERROR
../data\0xsJ1_jpg.jpg,ERROR
../data\0yBjkEp_jpg.jpg,Obscene
../data\0ZAQJiK_jpg.jpg,Obscene
../data\0yXhkEc_jpg.jpg,Obscene
../data\0xWMHf6_jpg.jpg,Obscene
../data\0x60ycygio221_jpg.jpg,Obscene
../data\0xim5zt1jd121_jpg.jpg,Obscene
../data\0xq7yvydpwsz_jpg.jpg,Obscene
../data\0YD7VfS_jpg.jpg,Obscene
../data\0yAmnon_jpg.jpg,Obscene
../data\0zcstda_jpg.jpg,Obscene
../data\0Ynenbs_jpg.jpg,Obscene
../data\0wlrl7p9csbz_jpg.jpg,ERROR
../data\0wb7hp985by01_jpg.jpg,Obscene
../data\0zmhlJ7_jpg.jpg,Obscene
../data\0zN8sla_jpg.jpg,Obscene
../data\0wx68pmrtu221_jpg.jpg,Obscene
../data\0ZSE3Rr_jpg.jpg,Obscene
../data\0Y8w00u_jpg.jpg,Obscene
../data\0xhsMZm_jpg.jpg,Obscene
../data\0zNbBme_jpg.jpg,ERROR
../data\0ZB52UK_jpg.jpg,Obscene
../data\0ZePXPZ_png.jpg,Obscene
../data\0YV9xM3_jpg.jpg,ERROR
../data\0ycg7xkdm4421_jpg.jpg,Obscene
../data\0xzWRlb_jpg.jpg,Obscene
../data\10dxcxiya19z_jpg.jpg,Obscene
../data\0zDB1T2_jpg.jpg,Obscene
../data\0ZePXPZ_jpg.jpg,Obscene
../data\103WztH_jpg.jpg,ERROR
../data\0Z1G80L_jpg.jpg,Obscene
../data\0XOZtcV_jpg.jpg,Obscene
../data\144kRWh_jpg.jpg,Obscene
../data\11qh8g9pmul11_jpg.jpg,Obscene
../data\0zvWVPi_jpg.jpg,Obscene
../data\10RvSbQ_jpg.jpg,Obscene
../data\0x3pgkbegfp11_jpg.jpg,Obscene
../data\10Mort0_jpg.jpg,Obscene
../data\0Zwm4W3_jpg.jpg,Obscene
../data\0xtaw5krb2601_png.jpg,Obscene
../data\14cjOAG_jpg.jpg,Obscene
../data\10LBYtx_jpg.jpg,Obscene
../data\10aj0FH_jpg.jpg,Obscene
../data\14j1kltu6vw11_jpg.jpg,ERROR
../data\0zslas6i4rj11_jpg.jpg,Obscene
../data\13Yw53g_jpg.jpg,Obscene
../data\11hsb7v6fn721_jpg.jpg,ERROR
../data\0zKNiSc_jpg.jpg,Obscene
../data\13sqzlxtbn311_jpg.jpg,ERROR
../data\10n6KBi_jpg.jpg,Obscene
../data\12UcxWP_jpg.jpg,Obscene
../data\0ZPiII9_png.jpg,Obscene
../data\120609_latex_fetish_dress_goth_alternative_model_1920s_makeup_pinup_girls_gothic_hair_5_jpg.jpg,Obscene
../data\12pZFN3_jpg.jpg,Obscene
../data\12001561dedc4b5288db24b45cff7852_fit_max&h_1536&w_1536&s_33fb85fbcc1fd22a49906b6b91aea60f.jpg,Obscene
../data\12JHXCG_jpg.jpg,Obscene
../data\11lk6lj_jpg.jpg,ERROR
../data\1399mIs_jpg.jpg,Obscene
../data\114f4c3d83865d7838b02c83e4b69b34_jpg.jpg,Obscene
../data\14uYmyR_jpg.jpg,Obscene
../data\145DRwX_jpg.jpg,Obscene
../data\125x9sln5t821_jpg.jpg,Obscene
../data\15ae80gufqv11_jpg.jpg,ERROR
../data\12lzxqwqyjh11_jpg.jpg,Obscene
../data\13zmHiZ_jpg.jpg,ERROR
../data\13neGLA_jpg.jpg,Obscene
../data\15mw91L_jpg.jpg,Obscene
../data\126d44y4wjyz_jpg.jpg,Obscene
../data\14KHPWK_jpg.jpg,Obscene
../data\15xyus0jv1721_jpg.jpg,Obscene
../data\15xHpKi_jpg.jpg,Obscene
../data\12aKU_jpg.jpg,Obscene
../data\13Vfp_jpg.jpg,Obscene
../data\0zi2kqr0a8111_jpg.jpg,ERROR
../data\11hHSSK_jpg.jpg,ERROR
../data\15c1yqv9pfd21_jpg.jpg,Obscene
../data\15Lx6Va_jpg.jpg,Obscene
../data\15YXHTF_jpg.jpg,Obscene
../data\17QrEY3_jpg.jpg,Obscene
../data\14Zc1uO_jpg.jpg,Obscene
../data\16NXhQg_jpg.jpg,Obscene
../data\158zl3gv14811_jpg.jpg,Obscene
../data\16VYWAM_jpg.jpg,Obscene
../data\163q8m5unao01_jpg.jpg,Obscene
../data\167438cf8bb54049bf988f484f08ce96_fit_max&h_1536&w_1536&s_7013cb0cd80346d4ea1321649e7f1965.jpg,Obscene
../data\17WVoGM_jpg.jpg,Obscene
../data\15421036_1203149969766167_2082675356920846722_n_jpg.jpg,ERROR
../data\16hd0Zj_jpg.jpg,Obscene
../data\16uEJ_jpg.jpg,Obscene
../data\153yw47aadyz_jpg.jpg,Obscene
../data\17ATn2c_jpg.jpg,Obscene
../data\14mkb7xzjro11_jpg.jpg,Obscene
../data\17CneNL_jpg.jpg,Obscene
../data\13kGaNh_jpg.jpg,Obscene
../data\160pHsz_jpg.jpg,Obscene
../data\16Nkcvy_jpg.jpg,Obscene
../data\17M5TwC_png.jpg,Obscene
../data\15PEIPJ_jpg.jpg,ERROR
../data\15a2a549b0584a66b45a6dab3306b1cc_fit_max&h_1536&w_1536&s_98cced756dbca2535edf303216e20f8c.jpg,Obscene
../data\17u4e46nsxz11_jpg.jpg,ERROR
../data\16wKFgy_jpg.jpg,Obscene
../data\1af043aab6b840ecb9d21e14c28a93c0_fit_max&h_1536&w_1536&s_1d673dfe2f4ff69b0ebe93db4c073a7a.jpg,Obscene
../data\1bf8d05af63541b9bfa102be2e12f5cb_fit_max&h_1536&w_1536&s_b40171093daedd701b3f9da78dd48325.jpg,Obscene
../data\18utldn76bb21_jpg.jpg,Obscene
../data\1aUzpVf_jpg.jpg,Obscene
../data\186gi5up1l221_jpg.jpg,Obscene
../data\16r9ayi7thc11_jpg.jpg,Obscene
../data\18eMrzB_jpg.jpg,Obscene
../data\19xdbAU_png.jpg,Obscene
../data\19S1KI6_jpg.jpg,Obscene
../data\18YdSGG_jpg.jpg,Obscene
../data\16mP6ZF_jpg.jpg,Obscene
../data\16u7u09vymw01_jpg.jpg,Obscene
../data\16k5oqgs4ylz_jpg.jpg,Obscene
../data\18U768u_jpg.jpg,Obscene
../data\18vdjsz_jpg.jpg,Obscene
../data\1a0ygci_jpg.jpg,Obscene
../data\1aVlN_jpg.jpg,Obscene
../data\169cera51s6z_jpg.jpg,ERROR
../data\19oQ44U_jpg.jpg,Obscene
../data\198sx15_jpg.jpg,Obscene
../data\1BlNkAP_jpg.jpg,Obscene
../data\1a5p5iace9p11_jpg.jpg,Obscene
../data\180N2zn_png.jpg,Obscene
../data\1bGHJc4_jpg.jpg,Obscene
../data\1AcNyin_jpg.jpg,Obscene
../data\18l3bjr_jpg.jpg,Obscene
../data\18AGkFU_jpg.jpg,Obscene
../data\1AergUW_jpg.jpg,Obscene
../data\19QatSW_jpg.jpg,Obscene
../data\1Bczt6u_jpg.jpg,Obscene
../data\1CHegFp_jpg.jpg,Obscene
../data\1c4mjzgl43tz_jpg.jpg,Obscene
../data\1AuLf1K_jpg.jpg,Obscene
../data\1bHdzv6_jpg.jpg,Obscene
../data\1b21dg1l4yz01_jpg.jpg,Obscene
../data\1b7eII3_jpg.jpg,Obscene
../data\1CcnTMU_png.jpg,Obscene
../data\19CED6m_jpg.jpg,Obscene
../data\1bMcWBa_jpg_1.jpg,Obscene
../data\1BZRAhO_jpg.jpg,Obscene
../data\1BiI6gj_jpg.jpg,Obscene
../data\1BLZFKW_jpg.jpg,Obscene
../data\1ar5m0ui6ihz_jpg.jpg,ERROR
../data\169j7b68xh1z_jpg.jpg,ERROR
../data\1CrOqJn_jpg.jpg,Obscene
../data\1b8l42g4xjd21_jpg.jpg,ERROR
../data\1CGvLT7_jpg.jpg,Obscene
../data\1cY66S7_png.jpg,Obscene
../data\1cG7rGQ_jpg.jpg,Obscene
../data\1CRkHqs_jpg.jpg,Obscene
../data\1CMWL1M_jpg.jpg,Obscene
../data\1d6323687b054716b7ae6178d793ac96_fit_max&h_1536&w_1536&s_2e31dbf88abf8dc10cf2cf9fea1bcbfa.jpg,Obscene
../data\1CSUlhl_jpg.jpg,Obscene
../data\1cxTiuv_jpg.jpg,Obscene
../data\1d8khe6_jpg.jpg,Obscene
../data\1d5ngl6_jpg.jpg,Obscene
../data\1Bt8igX_jpg.jpg,Obscene
../data\1djDI5u_jpg.jpg,Obscene
../data\1bxjsdkov8r11_jpg.jpg,ERROR
../data\1CE0Wtc_jpg.jpg,Obscene
../data\1DJ1xHD_jpg.jpg,Obscene
../data\1d0LqBJ_jpg.jpg,Obscene
../data\1c4ha10qk6c21_jpg.jpg,Obscene
../data\1cyYndT_jpg.jpg,Obscene
../data\1DaJZh8_jpg.jpg,Obscene
../data\1dM0UfE_jpg.jpg,Obscene
../data\1D6Woyw_jpg.jpg,Obscene
../data\1cduitwabh211_jpg.jpg,ERROR
../data\1cp6L1S_jpg.jpg,Obscene
../data\1aw0akcd34b11_jpg.jpg,ERROR
../data\1DDyAw6_jpg.jpg,ERROR
../data\1DWhK7a_jpg.jpg,Obscene
../data\1EOJtMf_jpg.jpg,Obscene
../data\1f4M9yW_jpg.jpg,Obscene
../data\1EPkl5c_jpg.jpg,Obscene
../data\1eofD_jpg.jpg,Obscene
../data\1emePZA_jpg.jpg,Obscene
../data\1dntxz7xkyf11_jpg.jpg,Obscene
../data\1dx669hj7q701_jpg.jpg,Obscene
../data\1DxPhEh_jpg.jpg,Obscene
../data\1f04kiwfsdy11_jpg.jpg,Obscene
../data\1ETaL9c_jpg.jpg,ERROR
../data\1E0xUJ1_jpg.jpg,Obscene
../data\1e8edt3mv3h11_jpg.jpg,Obscene
../data\1EA593i_jpg.jpg,Obscene
../data\1E9tcIn_jpg.jpg,Obscene
../data\1DNotZY_png.jpg,Obscene
../data\1CyRr_jpg.jpg,ERROR
../data\1dYFRtt_jpg.jpg,Obscene
../data\1erTmUS_jpg.jpg,Obscene
../data\1e0txcgg3dd11_png.jpg,Obscene
../data\1aanxhzcquoz_jpg.jpg,ERROR
../data\1ew8ZZh_jpg.jpg,Obscene
../data\1ezTNHR_jpg.jpg,Obscene
../data\1gR3f6r_jpg.jpg,Obscene
../data\1dxp30vlvb421_jpg.jpg,ERROR
../data\1fau3lv_jpg.jpg,Obscene
../data\1fxj419ptgq11_jpg.jpg,Obscene
../data\1g0pvm7pllr01_jpg.jpg,Obscene
../data\1eUXXbQ_jpg.jpg,Obscene
../data\1Ec3e2e_jpg.jpg,Obscene
../data\1FNIPcv_jpg.jpg,Obscene
../data\1f05NB9_jpg.jpg,Obscene
../data\1GhEQLJ_jpg.jpg,Obscene
../data\1fftd3v53a121_jpg.jpg,Obscene
../data\1gpo86z387n11_jpg.jpg,Obscene
../data\1do2S1P_jpg.jpg,Obscene
../data\1DtEhVC_jpg.jpg,ERROR
../data\1FpQUfI_jpg.jpg,Obscene
../data\1gYb03d_jpg.jpg,Obscene
../data\1h9hbvkx91h11_jpg.jpg,Obscene
../data\1h2GOxq_jpg.jpg,Obscene
../data\1fr5h8y8tr101_jpg.jpg,Obscene
../data\1IbN0D1_jpg.jpg,Obscene
../data\1h7lp0D_jpg.jpg,Obscene
../data\1H99oip_jpg.jpg,Obscene
../data\1gI5DUK_jpg.jpg,Obscene
../data\1H01WXT_jpg.jpg,Obscene
../data\1I4jx0t_jpg.jpg,Obscene
../data\1hISZL8_jpg.jpg,Obscene
../data\1FyVIW1_jpg.jpg,Obscene
../data\1I4qmgt_jpg.jpg,Obscene
../data\1hsJwmu_jpg.jpg,Obscene
../data\1GKhLMo_jpg.jpg,Obscene
../data\1gpshk8hr2t11_jpg.jpg,Obscene
../data\1i2DyJo_jpg.jpg,Obscene
../data\1dhl8e4w25m01_jpg.jpg,ERROR
../data\1hxFwrk_jpg.jpg,Obscene
../data\1esjupq_jpg.jpg,ERROR
../data\1d3uoyr379521_jpg.jpg,ERROR
../data\1hwe2ya5mj611_jpg.jpg,Obscene
../data\1j10iIa_jpg.jpg,Obscene
../data\1i04ejatto511_jpg.jpg,Obscene
../data\1iBzLOj_jpg.jpg,Obscene
../data\1ITk2ao_jpg.jpg,Obscene
../data\1h0AmvY_jpg.jpg,ERROR
../data\1i7l2fJ_jpg.jpg,Obscene
../data\1J6iNtg_jpg.jpg,Obscene
../data\1iy3i4d_jpg.jpg,Obscene
../data\1gwifbvi3ei11_jpg.jpg,ERROR
../data\1ijlkni8l9621_png.jpg,Obscene
../data\1jmoh1w8hdv11_jpg.jpg,Obscene
../data\1jHl4au_jpg.jpg,Obscene
../data\1igCDcU_jpg.jpg,Obscene
../data\1IzWbFF_jpg.jpg,Obscene
../data\1kjQUjM_jpg.jpg,Obscene
../data\1Jc4fNR_jpg.jpg,Obscene
../data\1JHMncI_jpg.jpg,Obscene
../data\1j87BaB_jpg.jpg,Obscene
../data\1JiHo7u_jpg_1.jpg,Obscene
../data\1IBG3gB_jpg.jpg,Obscene
../data\1kLn00s_jpg.jpg,Obscene
../data\1fbpni30v4q11_jpg.jpg,ERROR
../data\1lXOpI7_jpg.jpg,Obscene
../data\1KzVo_jpg.jpg,Obscene
../data\1ka3BWj_jpg.jpg,Obscene
../data\1k2pQfY_jpg.jpg,Obscene
../data\1lY7o0G_jpg.jpg,Obscene
../data\1m57jAT_jpg.jpg,Obscene
../data\1l5ZRxE_jpg.jpg,Obscene
../data\1lsudkgprav11_jpg.jpg,Obscene
../data\1m4Hjgu_jpg.jpg,Obscene
../data\1kykPSG_jpg.jpg,Obscene
../data\1Ksq8_jpg.jpg,Obscene
../data\1mBloQm_jpg.jpg,Obscene
../data\1l7I8EV_jpg.jpg,Obscene
../data\1KuhOrS_jpg.jpg,Obscene
../data\1F9tP8n_jpg.jpg,ERROR
../data\1JVESq7_jpg.jpg,Obscene
../data\1k6sTNy_jpg.jpg,Obscene
../data\1lp9jnjpfab01_jpg.jpg,Obscene
../data\1miXNl4_jpg.jpg,Obscene
../data\1LppqOJ_jpg.jpg,Obscene
../data\1hgvdy023n021_jpg.jpg,ERROR
../data\1kXodEl_jpg.jpg,Obscene
../data\1LGUybD_jpg.jpg,Obscene
../data\1lx0kli2j2d21_jpg.jpg,Obscene
../data\1lknYVf_jpg.jpg,Obscene
../data\1Ktr0I3_jpg.jpg,Obscene
../data\1KOS4yM_jpg.jpg,Obscene
../data\1KhqXRx_jpg.jpg,Obscene
../data\1lYbLMb_jpg.jpg,Obscene
../data\1ju4rrw8egm01_jpg.jpg,ERROR
../data\1FECYND_jpg.jpg,ERROR
../data\1MDaMoz_jpg.jpg,Obscene
../data\1i1rf8twhh511_jpg.jpg,ERROR
../data\1MpsCYe_jpg.jpg,Obscene
../data\1nAIKtX_jpg.jpg,Obscene
../data\1MNaB_png.jpg,Obscene
../data\1MPHehg_jpg.jpg,Obscene
../data\1NK0FM2_jpg.jpg,Obscene
../data\1ntsYwk_jpg.jpg,Obscene
../data\1NgAizt_jpg.jpg,Obscene
../data\1nQKlmz_jpg.jpg,Obscene
../data\1mno4t11h9d21_jpg.jpg,Obscene
../data\1nvhgrrba4x11_jpg.jpg,Obscene
../data\1oGL9HQ_jpg.jpg,Obscene
../data\1nVDMtZ_jpg.jpg,Obscene
../data\1NSsNaQ_jpg.jpg,Obscene
../data\1NbnqOi_jpg.jpg,Obscene
../data\1nesd_jpg.jpg,Obscene
../data\1NiRR84_jpg.jpg,Obscene
../data\1NseJWA_jpg_1.jpg,Obscene
../data\1LtU9qa_jpg.jpg,Obscene
../data\1fpdqzhe8ruz_jpg.jpg,ERROR
../data\1kktFK3_jpg.jpg,ERROR
../data\1nLwDbB_jpg.jpg,Obscene
../data\1hpptqyziv421_jpg.jpg,ERROR
../data\1mx125xrdn521_jpg.jpg,ERROR
../data\1NysPTH_jpg.jpg,Obscene
../data\1LgvG4t_jpg_1.jpg,ERROR
../data\1MUTlDM_jpg.jpg,Obscene
../data\1OrukYB_jpg.jpg,Obscene
../data\1ph7MK8_png.jpg,Obscene
../data\1oCm0w5_jpg.jpg,Obscene
../data\1ozuYTy_png.jpg,Obscene
../data\1omV62b_jpg_1.jpg,Obscene
../data\1p11XnH_jpg.jpg,Obscene
../data\1Ozfl_jpg.jpg,Obscene
../data\1HaLo98_jpg.jpg,ERROR
../data\1OE4I7t_jpg.jpg,Obscene
../data\1nQHFoO_jpg_1.jpg,Obscene
../data\1R06QKe_jpg.jpg,Obscene
../data\1PVfmw5_jpg.jpg,Obscene
../data\1oFRg_png.jpg,Obscene
../data\1pBjD1E_jpg.jpg,Obscene
../data\1PpeHRQ_jpg.jpg,Obscene
../data\1j3TeTX_jpg.jpg,ERROR
../data\1bq6m27p55521_jpg.jpg,ERROR
../data\1jlIRUs_jpg.jpg,ERROR
../data\1Q0U1GG_jpg.jpg,Obscene
../data\1NZyfRj_jpg.jpg,Obscene
../data\1pulxeefjw521_jpg.jpg,Obscene
../data\1pQ72xp_jpg.jpg,Obscene
../data\1qLLt_jpg.jpg,Obscene
../data\1pIlGsX_jpg.jpg,Obscene
../data\1OmfHFq_jpg.jpg,Obscene
../data\1qo7cp732yc21_jpg.jpg,Obscene
../data\1e34wokhoej11_jpg.jpg,ERROR
../data\1P2IiRy_png.jpg,Obscene
../data\1RfJegA_jpg.jpg,Obscene
../data\1P1eQf4_jpg.jpg,Obscene
../data\1QHeVyb_jpg.jpg,Obscene
../data\1Pbf4IU_jpg.jpg,Obscene
../data\1r8oY_jpg.jpg,Obscene
../data\1rymNs6_jpg.jpg,Obscene
../data\1rWw3N5_jpg.jpg,Obscene
../data\1rGwIrC_jpg.jpg,Obscene
../data\1r40iAb_jpg.jpg,Obscene
../data\1QdOZtD_jpg.jpg,Obscene
../data\1SLnzps_jpg.jpg,Obscene
../data\1rRy1WW_jpg.jpg,Obscene
../data\1qlzt5r401221_jpg.jpg,Obscene
../data\1rtG3YR_jpg.jpg,Obscene
../data\1PDmlxL_jpg.jpg,Obscene
../data\1RBnzTR_jpg.jpg,Obscene
../data\1lzhlyflorb21_jpg.jpg,ERROR
../data\1NUoSxO_jpg.jpg,ERROR
../data\1h94ysvm9tp01_jpg.jpg,ERROR
../data\1rT4MPH_jpg.jpg,Obscene
../data\1rxav98_jpg.jpg,Obscene
../data\1spRl_jpg.jpg,Obscene
../data\1Sxt3gX_jpg.jpg,Obscene
../data\1sOagNJ_jpg.jpg,Obscene
../data\1nWE1Ip_jpg.jpg,ERROR
../data\1syuc5q_jpg.jpg,Obscene
../data\1skxpqcdgdy11_jpg.jpg,Obscene
../data\1sMuCHj_jpg.jpg,Obscene
../data\1sV8PhR_jpg.jpg,Obscene
../data\1t3gr9mbnc421_jpg.jpg,Obscene
../data\1pGZMRY_jpg.jpg,Obscene
../data\1SDLJ0m_jpg.jpg,Obscene
../data\1NgALdh_jpg.jpg,ERROR
../data\1t6enhD_jpg.jpg,Obscene
../data\1t3pQYT_jpg.jpg,Obscene
../data\1svysum3uh921_jpg.jpg,ERROR
../data\1t22j63_jpg.jpg,Obscene
../data\1pSmKrb_jpg.jpg,ERROR
../data\1tGkk_jpg.jpg,Obscene
../data\1tbhutqh3f921_jpg.jpg,Obscene
../data\1Sn9tou_png.jpg,Obscene
../data\1QPhvuC_jpg.jpg,ERROR
../data\1tpiu1n92wd11_jpg.jpg,Obscene
../data\1UpLlIS_jpg.jpg,Obscene
../data\1TF3VPM_jpg.jpg,Obscene
../data\1UK1D6o_jpg.jpg,Obscene
../data\1uyDwQA_jpg.jpg,Obscene
../data\1T6XBdV_jpg.jpg,Obscene
../data\1tWteZU_jpg.jpg,Obscene
../data\1U7cPJG_jpg.jpg,Obscene
../data\1ULCj2K_jpg.jpg,Obscene
../data\1ujmj05i63t01_jpg.jpg,Obscene
../data\1thtvkn_jpg.jpg,Obscene
../data\1tTe1vC_jpg.jpg,Obscene
../data\1upM9kG_jpg.jpg,Obscene
../data\1tcSd7r_jpg.jpg,Obscene
../data\1TlN0R7_jpg.jpg,Obscene
../data\1uea4jY_jpg.jpg,Obscene
../data\1TfUlpy_jpg.jpg,Obscene
../data\1QAfB1h_jpg.jpg,ERROR
../data\1uGSSKk_jpg.jpg,Obscene
../data\1TqFmK7_jpg.jpg,Obscene
../data\1tvxGOh_png.jpg,Obscene
../data\1VBetTY_jpg.jpg,Obscene
../data\1v2p1Zq_jpg.jpg,Obscene
../data\1uw9eqns1dcz_jpg.jpg,Obscene
../data\1v2Ojk8_jpg.jpg,Obscene
../data\1k4f97to2h1z_jpg.jpg,ERROR
../data\1uxUdfF_jpg.jpg,Obscene
../data\1lrjgemu2c621_jpg.jpg,ERROR
../data\1Vmcpdl_jpg.jpg,Obscene
../data\1VxA7Cz_jpg.jpg,Obscene
../data\1VS8lDJ_jpg.jpg,Obscene
../data\1VeTtQL_jpg.jpg,Obscene
../data\1hJpwGY_jpg.jpg,ERROR
../data\1V5GDou_jpg.jpg,Obscene
../data\1VH1uDc_jpg.jpg,Obscene
../data\1us86AE_jpg.jpg,Obscene
../data\1w12Svf_jpg.jpg,Obscene
../data\1vH2YnN_jpg.jpg,Obscene
../data\1WvmjNz_jpg.jpg,Obscene
../data\1WQK9_jpg.jpg,Obscene
../data\1Ws4tR1_jpg.jpg,Obscene
../data\1UOQD5w_jpg.jpg,Obscene
../data\1WbXuMy_jpg.jpg,Obscene
../data\1XE2Tr5_jpg.jpg,Obscene
../data\1wl6Q5X_jpg.jpg,Obscene
../data\1XVNtpD_jpg.jpg,Obscene
../data\1WOxrve_png.jpg,Obscene
../data\1wW92Qk_jpg.jpg,Obscene
../data\1XczicI_jpg.jpg,Obscene
../data\1vc6rhs3zr721_jpg.jpg,ERROR
../data\1wBhanA_jpg.jpg,Obscene
../data\1c36estfffx01_jpg.jpg,ERROR
../data\1vx1a3wezksz_jpg.jpg,Obscene
../data\1wEh5tF_jpg.jpg,Obscene
../data\1YS6mWJ_jpg.jpg,Obscene
../data\1XhSdSM_jpg.jpg,Obscene
../data\1X6ueKz_jpeg.jpg,Obscene
../data\1WUfSfx_jpg.jpg,Obscene
../data\1xDU4z7_jpg.jpg,Obscene
../data\1uo2VzZ_jpg.jpg,ERROR
../data\1xk8tpq1gwv01_jpg.jpg,Obscene
../data\1xvvzn9i15821_jpg.jpg,Obscene
../data\1y3pzblf6vb21_jpg.jpg,Obscene
../data\1TbqXiL_jpg.jpg,ERROR
../data\1xHsvzP_png.jpg,Obscene
../data\1RvWt_jpg.jpg,ERROR
../data\1xunksd6sm221_jpg.jpg,Obscene
../data\1Y7RdTR_jpg.jpg,Obscene
../data\1WiTNAE_jpg.jpg,Obscene
../data\1Yi0Ndt_jpg.jpg,Obscene
../data\1YBzWBH_jpg.jpg,Obscene
../data\1Yh7qNc_jpg.jpg,Obscene
../data\1vwwn4k2alc21_jpg.jpg,ERROR
../data\1W7Jy51_jpg.jpg,Obscene
../data\1y4696w82rf11_jpg.jpg,Obscene
../data\1x3s6a3p3x121_jpg.jpg,ERROR
../data\1xymJ8t_jpg.jpg,Obscene
../data\1xjdmnj8nmb21_jpg.jpg,ERROR
../data\1t5csye1uky01_jpg.jpg,ERROR
../data\1YsGYU4_jpg.jpg,Obscene
../data\1vbuptbroa221_jpg.jpg,ERROR
../data\1yY1rD1_jpg.jpg,Obscene
../data\1YyRRD9_jpg.jpg,Obscene
../data\1ZyY3gM_jpg.jpg,Obscene
../data\20180830_225654_jpg.jpg,Obscene
../data\20jUtzU_jpg.jpg,Obscene
../data\1yd93tn5x0wz_jpg.jpg,Obscene
../data\1zPHy81_jpg.jpg,Obscene
../data\1uZlEeQ_jpg.jpg,ERROR
../data\1YWiqMM_jpg.jpg,Obscene
../data\202ct9n_jpg.jpg,Obscene
../data\1ZoxLh4_jpg.jpg,Obscene
../data\20amg27aleb11_jpg.jpg,Obscene
../data\204MnVm_jpg.jpg,Obscene
../data\1Z5P5og_jpg.jpg,Obscene
../data\1zP3SVh_jpg.jpg,Obscene
../data\1ZlSBJk_jpg.jpg,Obscene
../data\20z99Ab_jpg.jpg,Obscene
../data\1Zg3Ss0_jpg.jpg,Obscene
../data\20bcrmj77ooz_jpg.jpg,Obscene
../data\1zuoHtK_jpg.jpg,Obscene
../data\1zxavsd_jpg.jpg,Obscene
../data\1z0fk_jpg.jpg,Obscene
../data\1xron7swrwa21_jpg.jpg,ERROR
../data\1z6s22qzybv11_jpg.jpg,ERROR
../data\1zE6Hil_jpg.jpg,Obscene
../data\211yEQV_jpg.jpg,Obscene
../data\215ect0_jpg.jpg,Obscene
../data\21613dj1kg721_jpg.jpg,ERROR
../data\20ppbp8tjr201_jpg.jpg,Obscene
../data\1yranme2dtt11_jpg.jpg,ERROR
../data\218x5Bb_jpg.jpg,Obscene
../data\21BBY0X_jpg.jpg,Obscene
../data\21e4cb2329a14456afca204f6501fd25_fit_max&h_1536&w_1536&s_f2d451f216ed79f631f839f2d1841da7.jpg,Obscene
../data\20sovafzuyyy_jpg.jpg,Obscene
../data\1z4293zk1m901_jpg.jpg,Obscene
../data\222nTw4_jpg.jpg,Obscene
../data\21Xt1RS_jpg.jpg,Obscene
../data\20nGjHL_jpg.jpg,Obscene
../data\20jogdjp5f111_jpg.jpg,Obscene
../data\21vtnw7fd1411_jpg.jpg,Obscene
../data\217d9_jpg.jpg,Obscene
../data\21DVHvU_jpg.jpg,Obscene
../data\21SmUC3_jpg.jpg,Obscene
../data\21JIpVS_jpg.jpg,Obscene
../data\22iLaBd_jpg.jpg,Obscene
../data\22dp8dl6pcq11_jpg.jpg,ERROR
../data\22d8I_jpg.jpg,Obscene
../data\228SEXK_jpg.jpg,Obscene
../data\20xj2ld4mnr11_jpg.jpg,Obscene
../data\20Zb5eS_jpg.jpg,Obscene
../data\1ZW8ICI_jpg.jpg,Obscene
../data\1zt3s6ia5ea21_jpg.jpg,ERROR
../data\233KvDQ_jpg.jpg,Obscene
../data\22bfsnl2ng921_jpg.jpg,ERROR
../data\1XvmVN0_jpg.jpg,ERROR
../data\23V8kf8_jpg.jpg,Obscene
../data\22J7e_jpg.jpg,Obscene
../data\23BfKYC_jpg.jpg,Obscene
../data\22JgQkv_jpg.jpg,Obscene
../data\20fdcsnytv921_jpg.jpg,ERROR
../data\240cg65l9fkz_jpg.jpg,Obscene
../data\22BoG_jpg.jpg,Obscene
../data\22wdxs6yr1u11_jpg.jpg,Obscene
../data\23a6i2qnetb21_jpg.jpg,Obscene
../data\22yPj_jpg.jpg,Obscene
../data\22da2bd0bdb44c4e96531d5c5875e060_fit_max&h_1536&w_1536&s_4e640bde9bc90530991b3609652c739f.jpg,Obscene
../data\21jcxjFaaR5RiHeHNL15GTEimGp7CzlilGdLAUJUDz8_jpg_w_540&amp_s_b77065515a63bd11a4e820ece7cdd82f.jpg,Obscene
../data\23dbkw6mac821_jpg.jpg,ERROR
../data\21h5c7o6ecq01_jpg.jpg,Obscene
../data\25wzwwk_jpg.jpg,Obscene
../data\23eR0F9_jpg.jpg,Obscene
../data\25stQnZ_jpg.jpg,Obscene
../data\25ETUS3_jpg.jpg,Obscene
../data\251tIFE_jpg.jpg,Obscene
../data\242npmzzrf921_jpg.jpg,ERROR
../data\25dj1i0qwer11_jpg.jpg,ERROR
../data\26AzFts_jpg.jpg,Obscene
../data\23a8bfae723843a2910b1f74057b911f_fit_max&h_1536&w_1536&s_12d87d55785f087f76b3ca249de7293c.jpg,ERROR
../data\2455w3177u921_jpg.jpg,Obscene
../data\22paIbW_jpg.jpg,Obscene
../data\25dMOmv_jpg.jpg,Obscene
../data\274akq4qvu021_jpg.jpg,Obscene
../data\245e1cf105c24c27a1a0a037b57958ed_fit_max&h_1536&w_1536&s_e675f37cc4e1f47e072d6d6f23f2b5fd.jpg,Obscene
../data\25e259e05f264967ab41193557fc1b95_fit_max&h_1536&w_1536&s_fb8d9ebb2583d6ba0a558429c871fae5.jpg,Obscene
../data\24CibFT_jpg.jpg,Obscene
../data\271f0fc7365c4550a052ab86ca2ddfc5_fit_max&h_1536&w_1536&s_e2ba836a74ed510d50dda5dcd21244ef.jpg,Obscene
../data\23qez2fbsz721_jpg.jpg,Obscene
../data\25jChk9_png.jpg,Obscene
../data\27ERIJ5_jpg.jpg,Obscene
../data\25ahz_jpg.jpg,Obscene
../data\23gTv12_jpg.jpg,Obscene
../data\23lLYpR_jpg.jpg,Obscene
../data\26OJYSe_jpg.jpg,Obscene
../data\27TrVaP_jpg.jpg,Obscene
../data\24Dfjg3_jpg.jpg,Obscene
../data\26LJgN3_jpg.jpg,Obscene
../data\27SeywF_jpg.jpg,Obscene
../data\271Gamr_jpg.jpg,Obscene
../data\24ftl32xa3711_jpg.jpg,Obscene
../data\236tqn6t25221_jpg.jpg,Obscene
../data\26de1d05ebd34de0bb4b85c9b15ffd4f_fit_max&h_1536&w_1536&s_11096571f53e66529f3c603c86bbdeb3.jpg,Obscene
../data\28qub0j_png.jpg,Obscene
../data\27ozZhV_jpg.jpg,Obscene
../data\27845178f90a40b2a10586b89d554d7c_fit_max&h_1536&w_1536&s_bcc6be836d500ccaee1e7ffa2710db86.jpg,Obscene
../data\27nGj0Z_jpg.jpg,Obscene
../data\26IpGzX_jpg.jpg,Obscene
../data\27SYDOX_jpg.jpg,Obscene
../data\24KWuax_jpg.jpg,Obscene
../data\26dbh1Z_jpg.jpg,Obscene
../data\24vxpno4hvdz_jpg.jpg,ERROR
../data\25yxx10uz2c21_jpg.jpg,Obscene
../data\26qhmfic7kq01_jpg.jpg,Obscene
../data\27RHNah_jpg.jpg,Obscene
../data\28et1IC_jpg.jpg,Obscene
../data\295qyZy_jpg.jpg,Obscene
../data\29cpMFI_jpg.jpg,Obscene
../data\2A2Nc4A_jpg.jpg,Obscene
../data\28sUtcO_jpg.jpg,Obscene
../data\27a1b78096944f6589072a9127a18a75_fit_max&h_1536&w_1536&s_dda460c1608ace128904631c4332cbec.jpg,Obscene
../data\29OEun9_jpg.jpg,Obscene
../data\27xDF40_jpg.jpg,Obscene
../data\28HRj97_jpg.jpg,Obscene
../data\28n5IRn_jpg.jpg,Obscene
../data\2Ar0DwB_jpg.jpg,Obscene
../data\29vYD1z_jpg.jpg,Obscene
../data\29IDI2A_jpg.jpg,Obscene
../data\29cl6I4_jpg.jpg,Obscene
../data\2AGu1gl_jpg.jpg,Obscene
../data\283dc5e29289402894e1be1abdd72494_fit_max&h_1536&w_1536&s_2e95286d2caeddbb53123399d9ea0e18.jpg,Obscene
../data\28paI_jpg.jpg,Obscene
../data\28s3t21ah8n01_jpg.jpg,Obscene
../data\29em7yoxabn01_jpg.jpg,Obscene
../data\293cgwd53b921_jpg.jpg,Obscene
../data\2A20BOm_jpg.jpg,Obscene
../data\28vCh9k_jpg.jpg,Obscene
../data\25xj8Fz_png.jpg,ERROR
../data\29cszmH_jpg.jpg,Obscene
../data\2atEYXZ_jpg.jpg,Obscene
../data\2aqkt2xvrdx11_jpg.jpg,Obscene
../data\29r3nvotnrp01_jpg.jpg,Obscene
../data\28z2m276xm521_jpg.jpg,ERROR
../data\29Npv4e_jpg.jpg,Obscene
../data\29d87vjgghz11_jpg.jpg,Obscene
../data\2a38beb554fc53e52b5a50b4a5c6741c_jpg.jpg,Obscene
../data\28rryvn7oop01_jpg.jpg,Obscene
../data\2aCgCIG_jpg.jpg,Obscene
../data\2amPg9o_jpg.jpg,Obscene
../data\29zHDLU_jpg.jpg,Obscene
../data\2B5xo9o_jpg.jpg,ERROR
../data\288802iag9l11_jpg.jpg,ERROR
../data\2672C2E700000578_0_Support_Emma_tweeted_the_image_with_a_message_to_her_followers_u_a_32_1425992652812_jpg.jpg,Obscene
../data\2ApZeGD_jpg.jpg,Obscene
../data\28BoKOm_jpg.jpg,ERROR
../data\2CdLgb0_jpg.jpg,ERROR
../data\2bYb8dh_jpg.jpg,Obscene
../data\2b053c7b92cb459da192abb22c18ba4a_fit_max&h_1536&w_1536&s_1740ac07c8b569ef28eb4a7a112c4b32.jpg,Obscene
../data\2ARUywe_jpg.jpg,Obscene
../data\2b5C9Yg_jpg.jpg,Obscene
../data\2bkndxij3p721_jpg.jpg,Obscene
../data\2DbjZfy_jpg.jpg,Obscene
../data\2aewrtd4m3421_jpg.jpg,Obscene
../data\2BYpTiu_jpg.jpg,Obscene
../data\2chptcz_jpg.jpg,Obscene
../data\2cfusCn_jpg.jpg,Obscene
../data\2adxfpkvol7z_jpg.jpg,ERROR
../data\2a1znnl1814z_jpg.jpg,Obscene
../data\2BtWiRr_jpg.jpg,ERROR
../data\2bjunkvd3r221_jpg.jpg,Obscene
../data\29d2BM6_jpg.jpg,Obscene
../data\2d9j7yvvj4p11_jpg.jpg,ERROR
../data\2AyVm1d_jpg.jpg,Obscene
../data\2DbevLX_jpg.jpg,Obscene
../data\2bD4QNJ_jpg.jpg,Obscene
../data\2BmfY1u_png.jpg,Obscene
../data\2a07fe861be44ca3a5d169bbd83b6282_fit_max&h_1536&w_1536&s_3adb8e43f9ad1fcb650d2ba688d1cdac.jpg,Obscene
../data\2eaOwoi_jpg.jpg,Obscene
../data\2Bzq8KQ_jpg.jpg,Obscene
../data\2cQMSPm_jpg.jpg,Obscene
../data\2DdCH38_jpg.jpg,Obscene
../data\2DJhZLN_jpg.jpg,Obscene
../data\2ftmyn1g6p721_jpg.jpg,ERROR
../data\2eNfjus_jpg.jpg,Obscene
../data\2de3e289fd2e4a25b05f7c12cd25f4aa_fit_max&h_1536&w_1536&s_ba5708d8ee63e4c0b474ed6773324e81.jpg,Obscene
../data\2dMRbes_jpg.jpg,Obscene
../data\2e6sas7kq5521_jpg.jpg,ERROR
../data\2DQuF0F_jpg.jpg,Obscene
../data\2dU9u6L_jpg.jpg,Obscene
../data\2e435f86f7814588bd0c6e8cc5b09149_fit_max&h_1536&w_1536&s_6fdc485e7fcfbf2e73697fc237ef0eb2.jpg,Obscene
../data\2cAtf_jpg.jpg,Obscene
../data\2ci0i_jpg.jpg,Obscene
../data\2CQn5iO_jpeg.jpg,Obscene
../data\2D9R2Zq_jpg.jpg,Obscene
../data\2G2FMsm_jpg.jpg,Obscene
../data\2eqy7RD_jpg.jpg,Obscene
../data\2foFXy1_jpg.jpg,Obscene
../data\2fpqiacvz3pz_jpg.jpg,Obscene
../data\2Ft9enS_jpg.jpg,Obscene
../data\2dlobdsorec21_png.jpg,Obscene
../data\2gC31sr_jpg.jpg,Obscene
../data\2fLEiLI_jpg.jpg,Obscene
../data\2FC0KLV_jpg.jpg,Obscene
../data\2DeHqqx_png.jpg,Obscene
../data\2cFQBT7_jpg.jpg,Obscene
../data\2f3Bqa9_jpg.jpg,Obscene
../data\2ezrmPl_jpg.jpg,Obscene
../data\2gB5CCV_jpg.jpg,Obscene
cene
../data\2dJSAmm_jpg.jpg,Obscene
../data\2eB6obn_jpg.jpg,Obscene
../data\2dqjt9L_jpg.jpg,Obscene
../data\2ck4kz3kwvb11_jpg.jpg,Obscene
../data\2cT6dB9_jpg.jpg,Obscene
../data\2CobXbn_jpg.jpg,ERROR
../data\2DxhVur_jpg.jpg,ERROR
../data\2GHwfUK_jpg.jpg,Obscene
../data\2hK57f6_jpg.jpg,Obscene
../data\2g1qsynbzm421_jpg.jpg,ERROR
../data\2gTYmTY_jpg.jpg,Obscene
../data\2GZmGMR_jpg.jpg,Obscene
../data\2Gd8BU2_jpg.jpg,Obscene
../data\2g3sZ74_jpg.jpg,Obscene
../data\2HAAVSb_jpg.jpg,Obscene
../data\2h44pqlg1qk11_jpg.jpg,ERROR
../data\2H9CrYY_jpg.jpg,Obscene
../data\2EYrG9t_jpg.jpg,Obscene
../data\2hbu4rri7bc21_jpg.jpg,Obscene
../data\2fzHJMo_jpg.jpg,Obscene
../data\2Hy7mUU_jpg.jpg,Obscene
../data\2cJ50wD_jpg.jpg,Obscene
../data\2ftjY_jpg.jpg,Obscene
../data\2gjk0xs_jpg.jpg,Obscene
../data\2gi9m2v_jpg.jpg,Obscene
../data\2GPmKoV_jpg.jpg,Obscene
../data\2ggaft61pt921_jpg.jpg,Obscene
../data\2hpjbg0bpvi11_jpg.jpg,Obscene
../data\2Im8Xmw_jpg.jpg,Obscene
../data\2IGazmV_jpg.jpg,Obscene
../data\2i2oz7Q_jpg.jpg,Obscene
../data\2hue13l_jpg.jpg,Obscene
../data\2hYjG0d_jpg.jpg,Obscene
../data\2IFgRCN_jpg.jpg,Obscene
../data\2HCJGn5_jpg.jpg,Obscene
../data\2JRQ3_jpg.jpg,Obscene
../data\2gbr6oioqvu11_jpg.jpg,ERROR
../data\2iYsR_jpg.jpg,Obscene
../data\2ihm2ky_jpg.jpg,ERROR
../data\2ihjSTa_jpg.jpg,Obscene
../data\2hmojbdpcdwy_jpg.jpg,ERROR
../data\2hf1oji1afn01_jpg.jpg,Obscene
../data\2j0xihg8bkg11_jpg.jpg,Obscene
../data\2iuxF2J_jpg.jpg,Obscene
../data\2j8HGlc_jpg.jpg,Obscene
../data\2j1kklj5fla21_jpg.jpg,Obscene
../data\2IzLf99_jpg.jpg,Obscene
../data\2j7YnhG_jpg.jpg,Obscene
../data\2IEf1Lh_jpg.jpg,Obscene
../data\2gcknKP_jpg.jpg,ERROR
../data\2hC3h_jpg.jpg,Obscene
../data\2hoAAXE_jpg.jpg,Obscene
../data\2IqG0JV_jpg.jpg,Obscene
../data\2is48m1ti3b11_jpg.jpg,ERROR
../data\2kDg0Dv_jpg.jpg,Obscene
../data\2j86uLa_jpg.jpg,Obscene
../data\2e3drxn_jpg.jpg,ERROR
../data\2K60ujE_jpg.jpg,Obscene
../data\2KIIMNF_jpg.jpg,Obscene
../data\2JkU0_jpg.jpg,Obscene
../data\2jxNnFM_jpg.jpg,Obscene
../data\2JtvDhT_jpg.jpg,Obscene
../data\2Joa8Db_jpg.jpg,Obscene
../data\2jMkeS0_jpg.jpg,Obscene
../data\2h84efzhyn921_jpg.jpg,ERROR
../data\2gbq2qc_jpg.jpg,ERROR
../data\2jWoJ4g_jpg.jpg,Obscene
../data\2jSnSvr_jpg.jpg,ERROR
../data\2kvQLXf_jpg.jpg,Obscene
../data\2KCmRxx_jpg.jpg,Obscene
../data\2kkRwV3_jpg.jpg,Obscene
../data\2JG8jCP_jpg.jpg,Obscene
../data\2kNlQ_jpg.jpg,Obscene
../data\2KDdJDA_jpg.jpg,Obscene
../data\2Jo4NUn_jpg.jpg,Obscene
../data\2IYRPRe_jpg.jpg,Obscene
../data\2JAxH3a_jpg.jpg,Obscene
../data\2l67P2m_jpg.jpg,Obscene
../data\2kh4ccjcp84z_jpg.jpg,Obscene
../data\2ldis8U_jpg.jpg,Obscene
../data\2KjXl3B_png.jpg,Obscene
../data\2jstqs3g5w721_jpg.jpg,Obscene
../data\2KODKLM_jpg.jpg,Obscene
../data\2kZkF_jpg.jpg,Obscene
../data\2lAMj_jpg.jpg,Obscene
../data\2l79yufzwzn11_jpg.jpg,Obscene
../data\2kimeszacrt11_jpg.jpg,Obscene
../data\2KMTNtq_jpg.jpg,Obscene
../data\2l0Jr_jpg.jpg,Obscene
../data\2LDpjHy_jpg.jpg,Obscene
../data\2liwojsa51i11_jpg.jpg,Obscene
../data\2Nxx73R_jpg.jpg,Obscene
../data\2nORCSN_jpg.jpg,Obscene
../data\2mNJYVI_jpg.jpg,Obscene
../data\2mNw8VW_jpg.jpg,Obscene
../data\2mSZ3XH_jpg.jpg,Obscene
../data\2loGQ_jpg.jpg,Obscene
../data\2lpepuw9qmv01_jpg.jpg,Obscene
../data\2n3WRCC_jpg.jpg,Obscene
../data\2n4pSik_jpg.jpg,Obscene
../data\2JZ4qOI_jpg.jpg,ERROR
../data\2KP2J1t_jpg.jpg,Obscene
../data\2jWOMXp_jpg.jpg,ERROR
../data\2LiZkox_jpg.jpg,Obscene
../data\2niF761_jpg.jpg,Obscene
../data\2L28JYQ_jpg.jpg,Obscene
../data\2MYHVet_jpg.jpg,Obscene
../data\2LJ3sNg_jpg.jpg,Obscene
../data\2mziy2q5vv301_jpg.jpg,Obscene
../data\2m92twn2ffo01_jpg.jpg,Obscene
../data\2mhafrvz5bzz_jpg.jpg,Obscene
../data\2KTDLKh_png.jpg,Obscene
../data\2LRSzU2_jpg.jpg,Obscene
../data\2MmxG5g_jpg.jpg,Obscene
../data\2mtwfoxsxac21_jpg.jpg,Obscene
../data\2lq3lj2dugq01_jpg.jpg,Obscene
../data\2KroCZz_jpg.jpg,ERROR
../data\2Lteh_jpg.jpg,Obscene
../data\2oalJR8_jpg.jpg,Obscene
../data\2nj6z9k_jpg.jpg,Obscene
../data\2nuUKBP_jpg.jpg,Obscene
../data\2lpfqrq4j6ez_jpg.jpg,Obscene
../data\2jriBB3_jpg.jpg,ERROR
../data\2kZqg4l_jpg.jpg,ERROR
../data\2ks388nto9f11_jpg.jpg,ERROR
../data\2MyGfnm_jpg.jpg,Obscene
../data\2n8px9lh4xe01_jpg.jpg,ERROR
../data\2PKgk0Z_jpg.jpg,Obscene
../data\2p3SUlz_jpg.jpg,Obscene
../data\2p2Rmwd_jpg.jpg,Obscene
../data\2NYKVPj_jpg.jpg,Obscene
../data\2mRpcKe_jpg.jpg,Obscene
../data\2OpjKef_jpg.jpg,Obscene
../data\2oXaifP_jpg.jpg,Obscene
../data\2pEOz2O_jpg.jpg,Obscene
../data\2nWEg2z_jpg.jpg,Obscene
../data\2o8Gdxi_jpg.jpg,Obscene
../data\2lya5wxsq6h11_jpg.jpg,ERROR
../data\2OvySzy_jpg.jpg,Obscene
../data\2QZAgis_jpg.jpg,Obscene
../data\2OXNV_jpg.jpg,Obscene
../data\2nrPGrO_png.jpg,Obscene
../data\2PDW9M1_jpg.jpg,Obscene
../data\2peekflhkqw11_jpg.jpg,Obscene
../data\2nzxszQ_jpg.jpg,Obscene
../data\2oz758gaijc21_jpg.jpg,ERROR
../data\2PoC25M_jpg.jpg,Obscene
../data\2oZG4JO_jpg.jpg,Obscene
../data\2ocfsw29v6y01_jpg.jpg,Obscene
../data\2qU4Iy0_jpg.jpg,Obscene
../data\2qsaqxs_jpg.jpg,Obscene
../data\2qkFpWk_jpg.jpg,Obscene
../data\2RR2Jz0_jpg.jpg,Obscene
../data\2pR90ri_jpg.jpg,Obscene
../data\2R7kFxY_jpg.jpg,Obscene
../data\2R3bnLC_jpg_1.jpg,Obscene
../data\2PPnLwg_jpg.jpg,Obscene
../data\2RfQY_jpg.jpg,Obscene
../data\2PeJHMm_jpg.jpg,Obscene
../data\2qeo0naeqryz_jpg.jpg,Obscene
../data\2ng9yjl3k1a21_jpg.jpg,ERROR
../data\2qsqpodleq721_jpg.jpg,ERROR
../data\2o8mVSk_jpg.jpg,ERROR
../data\2QRmAnX_jpg.jpg,Obscene
../data\2q1wnhvr0xlz_jpg.jpg,Obscene
../data\2q8howhsrlj01_jpg.jpg,Obscene
../data\2pn113y65gp11_jpg.jpg,Obscene
../data\2RcIugV_jpg.jpg,Obscene
../data\2S1NQth_jpg.jpg,Obscene
../data\2rvyhtys1xk01_jpg.jpg,Obscene
../data\2qstUvf_jpg.jpg,Obscene
../data\2s5dw79xr2h01_jpg.jpg,Obscene
../data\2rd6g3Q_jpg.jpg,Obscene
../data\2r9ILoy_jpg.jpg,Obscene
../data\2qg8Yst_jpg.jpg,Obscene
../data\2rWO1lh_jpg.jpg,Obscene
../data\2r3YK_jpg.jpg,Obscene
../data\2TgtvTd_jpg.jpg,Obscene
../data\2rjk9oua4k611_jpg.jpg,Obscene
../data\2PEd043_jpg.jpg,ERROR
../data\2pp07mysi1301_jpg.jpg,Obscene
../data\2tiWSK9_jpg.jpg,Obscene
../data\2ul39a6icgi01_jpg.jpg,Obscene
../data\2sajg213jcoz_jpg.jpg,Obscene
../data\2sgjn749ypa21_jpg.jpg,Obscene
../data\2sZEiSG_jpg.jpg,Obscene
../data\2s44q_jpg.jpg,Obscene
../data\2SPl8Wf_jpg.jpg,Obscene
../data\2sOIGpu_png.jpg,Obscene
../data\2sj1Gn0_jpg.jpg,Obscene
../data\2TWQJqa_jpg.jpg,Obscene
../data\2RTy243_jpg.jpg,Obscene
../data\2TQ0l4V_jpg.jpg,Obscene
../data\2suMFkj_jpg.jpg,Obscene
../data\2Sxlkcc_jpg.jpg,Obscene
../data\2u00drs3xe221_jpg.jpg,Obscene
../data\2sB9fPI_jpg.jpg,ERROR
../data\2uiBB_jpg.jpg,Obscene
../data\2UkLp2P_jpg.jpg,Obscene
../data\2pxdq_jpg.jpg,ERROR
../data\2uepB_jpg.jpg,Obscene
../data\2SI7YnK_jpg.jpg,Obscene
../data\2VeY1_jpg.jpg,Obscene
../data\2uttmj52ps711_jpg.jpg,Obscene
../data\2uKRQEK_jpg.jpg,Obscene
../data\2U8Ir_jpg.jpg,Obscene
../data\2s81u10wsr921_jpg.jpg,ERROR
../data\2w2KnV4_jpg.jpg,Obscene
../data\2TZmfvM_jpg.jpg,Obscene
../data\2uOC4WS_jpg.jpg,Obscene
../data\2V69JEn_jpg.jpg,Obscene
../data\2UpwPmj_jpg.jpg,Obscene
../data\2vRiE58_jpg.jpg,Obscene
../data\2V1j0MO_jpg.jpg,Obscene
../data\2VSlmCa_jpg.jpg,Obscene
../data\2VgiePZ_png.jpg,Obscene
../data\2ujblw8yz5121_jpg.jpg,Obscene
../data\2uZ3ANm_jpg.jpg,Obscene
../data\2Uu7aZ0_jpg.jpg,Obscene
../data\2qn8zllskz221_png.jpg,ERROR
../data\2VDyApf_jpg.jpg,Obscene
../data\2swGk6s_jpg.jpg,ERROR
../data\2W4dZ_jpg.jpg,Obscene
../data\2VxUR8A_jpg.jpg,Obscene
../data\2vWCMXL_jpg.jpg,Obscene
../data\2qpapi8cpw421_jpg.jpg,ERROR
../data\2qir8otnqu921_jpg.jpg,ERROR
../data\2w88nsaylpj11_jpg.jpg,ERROR
../data\2vMghhO_jpg.jpg,ERROR
../data\2WJ06RF_jpg.jpg,Obscene
../data\2wmeIIj_jpg.jpg,Obscene
../data\2WVHBEI_jpg.jpg,Obscene
../data\2wAvfwR_jpg.jpg,Obscene
../data\2UVwjhu_jpg.jpg,Obscene
../data\2xp6z8J_jpg.jpg,Obscene
../data\2wtvb55_jpg.jpg,Obscene
../data\2WhSocl_jpg.jpg,Obscene
../data\2WogGIQ_jpg.jpg,Obscene
../data\2WowkTY_jpg.jpg,Obscene
../data\2wnsHSc_jpg.jpg,Obscene
../data\2wgZjIo_jpg.jpg,Obscene
../data\2w7dg2v4nvc21_jpg.jpg,Obscene
../data\2Y0YnZW_jpg.jpg,Obscene
../data\2wqz9D8_jpg.jpg,Obscene
../data\2wkruic_jpg.jpg,Obscene
../data\2ux6bjvt3aez_jpg.jpg,Obscene
../data\2wDUEIY_jpg.jpg,Obscene
../data\2y03po869et01_jpg.jpg,Obscene
../data\2r44qQJ_jpg.jpg,ERROR
../data\2wK2A4w_jpg.jpg,Obscene
../data\2xFEO5u_jpg.jpg,Obscene
../data\2WkqNnD_jpg.jpg,Obscene
../data\2WPBad6_jpg.jpg,Obscene
../data\2wtdwzffvesz_jpg.jpg,Obscene
../data\2v0jkb0i7mr11_jpg.jpg,ERROR
../data\2ZiUcl1_jpg.jpg,Obscene
../data\2x310ad_jpg.jpg,Obscene
../data\2ZIgr4l_png.jpg,Obscene
../data\2ydNH3t_jpg.jpg,Obscene
../data\30in5npznexy_jpg.jpg,Obscene
../data\2wkwe617zia21_jpg.jpg,ERROR
../data\2zQhrGg_jpg.jpg,Obscene
../data\2zr1pwY_jpg.jpg,Obscene
../data\2yIvYwE_jpg.jpg,Obscene
../data\2xnVt8v_jpg.jpg,Obscene
../data\2ytjqyg9xqy11_jpg.jpg,Obscene
../data\2zpDSpT_jpg.jpg,Obscene
../data\2z8yYpO_jpg.jpg,Obscene
../data\2zjImyp_jpg.jpg,Obscene
../data\2YGzNh6_jpg.jpg,Obscene
../data\2Z2RNwC_jpg.jpg,Obscene
../data\2yRZDav_jpg.jpg,Obscene
../data\305um5105qpz_jpg.jpg,Obscene
../data\2z4xquunim411_jpg.jpg,Obscene
../data\2YkagjP_jpg.jpg,Obscene
../data\2yjkp8vrund21_jpg.jpg,Obscene
../data\2xi3vsy_jpg.jpg,ERROR
../data\31q2vzwxj4qz_jpg.jpg,Obscene
../data\2Z5Mfij_jpg.jpg,ERROR
../data\3501febd0083425e8a4d9db4cd8fbecc_fit_max&h_1536&w_1536&s_0f664d95d52b840545f3464cf2362ad3.jpg,Obscene
../data\32nyrvh2y3811_jpg.jpg,Obscene
../data\301d8bd7e2bc43438250dd7a3e873241_fit_max&h_1536&w_1536&s_e6ef09dca18860b9ad858d9d52b8b598.jpg,Obscene
../data\32ndkrpmkzw11_jpg.jpg,Obscene
../data\305LrcP_jpg.jpg,Obscene
../data\30z6mkq82rcz_jpg.jpg,Obscene
../data\32m66q97i4t11_jpg.jpg,Obscene
../data\32sl3qr25y721_jpg.jpg,Obscene
../data\32rFPQa_jpg.jpg,Obscene
../data\31BYU3Q_jpg.jpg,Obscene
../data\30xr1hmznt301_jpg.jpg,Obscene
../data\33gdIm0_jpg.jpg,Obscene
../data\30W4PxN_jpg.jpg,Obscene
../data\2vs9av4rpvv01_jpg.jpg,ERROR
../data\32WniM8_png.jpg,Obscene
../data\32BZra7_jpg.jpg,Obscene
../data\313Td9T_jpg.jpg,Obscene
../data\3320gcdi0xb21_jpg.jpg,Obscene
../data\34vv9Pc_jpg.jpg,Obscene
../data\32eYHIo_jpg.jpg,Obscene
../data\2z0gkphyel321_jpg.jpg,ERROR
../data\350RK0G_png.jpg,Obscene
../data\2WHINrd_jpg.jpg,ERROR
../data\31ew2yd6nou11_jpg.jpg,Obscene
../data\35yQsgi_jpg.jpg,Obscene
../data\36ua7uqi2vt11_jpg.jpg,Obscene
../data\337lkxaisu521_jpg.jpg,Obscene
../data\362c05ec428648e5947a70ca05bf0931_fit_max&h_1536&w_1536&s_c65d1f07c134259a1074c5b26a16024f.jpg,Obscene
../data\364Q7_jpg.jpg,Obscene
../data\33x5dfp2j5911_jpg.jpg,Obscene
../data\37juwx3_jpg.jpg,Obscene
../data\33q1yBT_jpg.jpg,Obscene
../data\352cnlr3wto11_jpg.jpg,Obscene
../data\31eszknhj9uz_jpg.jpg,Obscene
../data\32SwTyx_jpg.jpg,Obscene
../data\2ywek30nead21_jpg.jpg,ERROR
../data\2rzgYrP_jpg.jpg,ERROR
../data\35gDBCn_jpg.jpg,Obscene
../data\35TjRuS_jpg.jpg,Obscene
../data\37GMdba_jpg.jpg,Obscene
../data\35TjRuS_png.jpg,Obscene
../data\38Qm8dV_jpg.jpg,Obscene
../data\33kqan6htvj01_jpg.jpg,ERROR
../data\38LGZqu_jpg.jpg,Obscene
../data\37529036f37d4702b591f5145a65013a_fit_max&h_1536&w_1536&s_38c66f952e8eecffc2a4c2f454d71ac2.jpg,Obscene
../data\30x5slualu321_jpg.jpg,ERROR
../data\38PVkk4_jpg.jpg,Obscene
../data\31bvolaonpj01_jpg.jpg,ERROR
../data\378368e5180a4ccaa967138f856e958a_fit_max&h_1536&w_1536&s_bd600b9010f4c1ff318ff3ebe0480d1e.jpg,Obscene
../data\38PpkJC_jpg.jpg,Obscene
../data\37w526J_jpg.jpg,Obscene
../data\37cAjI7_jpg.jpg,Obscene
../data\37YrwOG_jpg.jpg,Obscene
../data\2y7gl566au811_jpg.jpg,ERROR
../data\395LrZO_jpg.jpg,Obscene
../data\34MeI1p_jpg.jpg,Obscene
../data\36617cc8d1964983bd508f5db0be0b29_fit_max&h_1536&w_1536&s_4ce5b54064f359a4e836b63178eded10.jpg,Obscene
../data\34b49dcunem01_jpg.jpg,ERROR
../data\36vtxz74of9z_jpg.jpg,Obscene
../data\379wzwrux9e11_jpg.jpg,Obscene
../data\38sFiuC_jpg.jpg,Obscene
../data\38864842_2243319895983045_3621368217550716928_o_jpg.jpg,Obscene
../data\387Y7XH_jpg.jpg,Obscene
../data\39dAdMF_jpg.jpg,Obscene
../data\38Mt0Wv_jpg.jpg,Obscene
../data\38P6iFp_jpg.jpg,Obscene
../data\3A5Oxbo_jpg.jpg,Obscene
../data\37yhVP6_jpg.jpg,Obscene
../data\38z63MH_jpg.jpg,Obscene
../data\39Zi7c7_jpg.jpg,Obscene
../data\39o8VlE_jpg.jpg,Obscene
../data\39TCs_jpg.jpg,Obscene
../data\37d6md7ncuw11_jpg.jpg,Obscene
../data\35cpj6hsyo311_jpg.jpg,ERROR
../data\3AmhH5V_jpg.jpg,Obscene
../data\3B1xarf_jpg.jpg,Obscene
../data\38t1uz2n5qv11_jpg.jpg,Obscene
../data\399scV1_jpg.jpg,Obscene
../data\3afd680f238f47f8908561df14944775_fit_max&h_1536&w_1536&s_b7a2effadf1a186395b6bd531514196b.jpg,Obscene
../data\3aCJyUW_jpg.jpg,Obscene
../data\39w8Az8_jpg.jpg,Obscene
../data\36r05e5bu0221_jpg.jpg,Obscene
../data\3ANbZjZ_jpg.jpg,Obscene
../data\3905wlcnj6011_jpg.jpg,Obscene
../data\39msUot_jpg.jpg,Obscene
../data\3agf06ctkf921_jpg.jpg,ERROR
../data\3bbqShu_jpg.jpg,Obscene
../data\39omqxbb8kc21_jpg.jpg,ERROR
../data\3c10Fp2_jpg.jpg,Obscene
../data\3ajV1NT_jpg.jpg,Obscene
../data\3Bn5miT_jpg.jpg,Obscene
../data\3as9cdjslhq01_jpg.jpg,Obscene
../data\3b8somG_jpg.jpg,Obscene
../data\3B4FhrR_jpg.jpg,Obscene
../data\3b9f8qx3hk621_jpg.jpg,Obscene
../data\3BwwGlW_jpeg.jpg,Obscene
../data\3AOU1F3_jpg.jpg,Obscene
../data\323swb00fba11_jpg.jpg,ERROR
../data\3BOzlnA_jpg.jpg,Obscene
../data\3B8fnDA_jpg.jpg,Obscene
../data\3bv0Xr3_jpg.jpg,Obscene
../data\3azQ8et_jpg.jpg,Obscene
../data\3baZq9v_jpg.jpg,Obscene
../data\3cEyTeO_jpg.jpg,Obscene
../data\380raek2e7oz_jpg.jpg,ERROR
../data\3csHsKc_jpg.jpg,Obscene
../data\3bcppq3m47n11_jpg.jpg,Obscene
../data\35O2hNL_jpg.jpg,ERROR
../data\3BpoGiF_jpeg.jpg,Obscene
../data\3BpirOC_jpg.jpg,Obscene
../data\3bQP7FO_jpg.jpg,Obscene
../data\3bJr27B_jpg.jpg,Obscene
../data\3bUfvty_png.jpg,Obscene
../data\3bcaf6d22f4a40dcb418bf253c04f013_fit_max&h_1536&w_1536&s_36fd995be61653f31dd7ce984dda2875.jpg,Obscene
../data\3DnBZmo_png.jpg,Obscene
../data\3BDVqsc_jpg.jpg,Obscene
../data\3c2kbg0v6qw01_jpg.jpg,Obscene
../data\3CHWGQG_jpg.jpg,Obscene
../data\2YRZBk9_jpg.jpg,ERROR
../data\3ElP3OP_jpg.jpg,Obscene
../data\3cmepnpbyvx11_jpg.jpg,Obscene
../data\3AeHR4q_jpg.jpg,ERROR
../data\3D4I2sW_jpg.jpg,Obscene
../data\3CCc1SZ_jpg.jpg,Obscene
../data\3cphr0t7uof01_jpg.jpg,Obscene
../data\3dRuqTy_jpg.jpg,Obscene
../data\3d69kyy0jju11_jpg.jpg,Obscene
../data\3chkuwpoci421_jpg.jpg,Obscene
../data\3DLUKQk_jpg.jpg,Obscene
../data\3ce3b7ef02f34134ac73519f63c94a2e_fit_max&h_1536&w_1536&s_8e96b24ecc205de9abb2d9550f2501a2.jpg,Obscene
../data\3c12gr1ntjz11_jpg.jpg,ERROR
../data\3E2ph_jpg.jpg,Obscene
../data\3Dj0YyA_jpg.jpg,Obscene
../data\3dwEmIu_jpg.jpg,Obscene
../data\3EBjou6_jpg.jpg,Obscene
../data\3eqyo1kuogo01_jpg.jpg,Obscene
../data\3CUx5FO_jpg.jpg,Obscene
../data\3elm677dan621_jpg.jpg,Obscene
../data\3DvJRTJ_jpg.jpg,Obscene
../data\3cmi14eqnj221_jpg.jpg,ERROR
../data\3d3nnr5ihpz01_jpg.jpg,Obscene
../data\3cFHege_jpg_1.jpg,Obscene
../data\3ejZNU9_png.jpg,Obscene
../data\3DmQtwd_jpg.jpg,Obscene
../data\3dqdn534ewwz_jpg.jpg,Obscene
../data\3fCKx_jpg.jpg,Obscene
../data\3EoA20c_jpg.jpg,Obscene
../data\3dvj5ll6q7d21_jpg.jpg,Obscene
../data\3fTlqTx_jpg.jpg,Obscene
../data\2ZmrTyq_jpg.jpg,ERROR
../data\3fN8DGI_jpg.jpg,Obscene
../data\3FQFUAy_jpg.jpg,Obscene
../data\3FKDYRz_jpg.jpg,Obscene
../data\3eDrywT_jpg.jpg,Obscene
../data\3erd6urc3i411_jpg.jpg,Obscene
../data\3FHaN03_jpg.jpg,Obscene
../data\3EtcWWL_jpg.jpg,Obscene
../data\3E481qy_jpg.jpg,Obscene
../data\3gvwcx09ktw01_jpg.jpg,Obscene
../data\3F9Jl3D_jpg.jpg,Obscene
../data\3dBpz2S_jpg.jpg,Obscene
../data\3BKtB_jpg.jpg,ERROR
../data\3fQXNf2_jpg.jpg,Obscene
../data\3g2VEYR_jpg.jpg,Obscene
../data\3gnjF0u_jpg.jpg,Obscene
../data\3giiJI7_jpg.jpg,Obscene
../data\3F9zjM5_jpg.jpg,Obscene
../data\3FDdJZB_jpg.jpg,Obscene
../data\3gVU6Gr_jpg.jpg,Obscene
../data\3byQJRO4qA_jpg.jpg,ERROR
../data\3CD4Esc_jpg.jpg,ERROR
../data\3Hoa7SE_jpg.jpg,Obscene
../data\3HmbNgk_jpg.jpg,Obscene
../data\3Gjsbhy_jpg.jpg,Obscene
../data\3gBHLcV_jpg.jpg,Obscene
../data\3FYH21v_jpg.jpg,Obscene
../data\3CudpEP_jpg.jpg,ERROR
../data\3hholdtxrpoz_jpg.jpg,Obscene
../data\3gzasfsopz411_jpg.jpg,Obscene
../data\3gKyff6_jpg.jpg,Obscene
../data\3HJR90o_jpg.jpg,Obscene
../data\3gwCbyv_jpg.jpg,Obscene
../data\3gk3mdnjs2x01_jpg.jpg,Obscene
../data\3cWr5_jpg.jpg,ERROR
../data\3hgtgqC_jpg.jpg,Obscene
../data\3guvyis5jwdz_png.jpg,Obscene
../data\3HKyZ_jpg.jpg,Obscene
../data\3h2li808npw01_jpg.jpg,Obscene
../data\3f6t11kwzel11_jpg.jpg,ERROR
../data\3gMqRy0_jpg.jpg,Obscene
../data\3HImp9P_jpg.jpg,Obscene
../data\3fb30b54de6f48429e4704ae2f205f77_fit_max&h_1536&w_1536&s_dac91cc1692dda735393becf1a9a8e66.jpg,ERROR
../data\3h0a7xmuza521_jpg.jpg,Obscene
../data\3HlT38h_jpg.jpg,Obscene
../data\3EItbiF_jpg.jpg,Obscene
../data\3Hvk5fD_jpg.jpg,Obscene
../data\3D9FXW0_jpg.jpg,ERROR
../data\3j1imlxs7lhz_jpg.jpg,Obscene
../data\3G7MtJT_jpg.jpg,Obscene
../data\3jTNDS2_jpg.jpg,Obscene
../data\3hN0Gdc_jpg.jpg,Obscene
../data\3gwjfsd9q4401_jpg.jpg,Obscene
../data\3Hns9eV_jpg.jpg,Obscene
../data\3JybFeO_jpg.jpg,Obscene
../data\3i5yf1nfa3ez_jpg.jpg,Obscene
../data\3imp2bu2dplz_jpg.jpg,Obscene
../data\3i5dy9ltxhh11_jpg.jpg,Obscene
../data\3JRAmFG_jpg.jpg,Obscene
../data\3iSUPjN_jpg.jpg,Obscene
../data\3iGV404_jpg.jpg,Obscene
../data\3KmF9cs_jpg.jpg,Obscene
../data\3K7T91V_jpg.jpg,Obscene
../data\3i2wUci_jpg.jpg,Obscene
../data\3kqHXnm_jpg.jpg,Obscene
../data\3jm3zriwm2621_jpg.jpg,Obscene
../data\3LEjeFL_jpg.jpg,Obscene
../data\3KUllxS_jpg.jpg,Obscene
../data\3ipkngpdgaq01_jpg.jpg,Obscene
../data\3I1t3My_jpg.jpg,Obscene
../data\3juEpRg_jpg.jpg,Obscene
../data\3jUhq_jpg.jpg,Obscene
../data\3kuSA4W_jpg.jpg,Obscene
../data\3l20Jy7_jpg.jpg,Obscene
../data\3l0lybv_jpg.jpg,Obscene
../data\3GsEjvv_jpg.jpg,ERROR
../data\3JMusWm_jpg.jpg,Obscene
../data\3ipGqRh_jpg.jpg,Obscene
../data\3FNvjh4_jpg.jpg,ERROR
../data\3CXkV0n_jpg.jpg,ERROR
../data\3JnXBGb_jpg.jpg,Obscene
../data\3LedlKQ_jpg.jpg,Obscene
../data\3llzmludeb521_jpg.jpg,Obscene
../data\3lhtzUU_jpg.jpg,Obscene
../data\3L16UxI_jpg.jpg,Obscene
../data\3IvMb_jpg.jpg,ERROR
../data\3l1ijDs_jpg.jpg,Obscene
../data\3lEyqdT_jpg.jpg,Obscene
../data\3L3pnJ8_jpg.jpg,Obscene
../data\3lmflvr_jpg.jpg,Obscene
../data\3lPGQ_jpg.jpg,Obscene
../data\3lsrz188rpn11_jpg.jpg,Obscene
../data\3m3egyll1rt11_jpg.jpg,Obscene
../data\3kKhyhz_jpg.jpg,Obscene
../data\3ig0065uscu01_png.jpg,ERROR
../data\3M59UbB_jpg.jpg,Obscene
../data\3mbJ6_jpg.jpg,Obscene
../data\3jxyux1s8odz_jpg.jpg,Obscene
../data\3jyhzcwxnlq11_jpg.jpg,Obscene
../data\3kd88eqifjz11_jpg.jpg,Obscene
../data\3kco7klu2y821_jpg.jpg,Obscene
../data\3MAWadR_jpg.jpg,Obscene
../data\3M75PgL_jpg.jpg,Obscene
../data\3m2rJFW_jpg.jpg,Obscene
../data\3ldcm7usbl011_jpg.jpg,Obscene
../data\3IPTKWw_jpg.jpg,ERROR
../data\3NWaBJ9_jpg.jpg,Obscene
../data\3lbyyso2y3421_jpg.jpg,ERROR
../data\3m3vdwg8vxu11_jpg.jpg,ERROR
../data\3MoHb5P_jpg.jpg,Obscene
../data\3N02a4N_jpg.jpg,Obscene
../data\3n94r1gbgst11_jpg.jpg,Obscene
../data\3O6vfLu_jpg.jpg,Obscene
../data\3n6q6dh_jpg.jpg,Obscene
../data\3MKOFyn_jpg.jpg,Obscene
../data\3MiboL0_jpg.jpg,Obscene
../data\3nmsYVi_jpg.jpg,Obscene
../data\3LJtDDf_jpg.jpg,ERROR
../data\3m00V2w_jpg.jpg,Obscene
../data\3MjiCVr_png.jpg,Obscene
../data\3Nwf2kJ_png.jpg,Obscene
../data\3ol8l_jpg.jpg,Obscene
../data\3l5l9mq5syc21_jpg.jpg,ERROR
../data\3MHZlgi_jpg.jpg,Obscene
../data\3M1mzrd_jpg.jpg,Obscene
../data\3OiKxCe_jpg.jpg,Obscene
../data\3nidnv6hjwe01_jpg.jpg,Obscene
../data\3mLhp_jpg.jpg,Obscene
../data\3mRMdxC_jpg.jpg,Obscene
../data\3mjlcEo_jpg.jpg,Obscene
../data\3NW771w_jpg.jpg,Obscene
../data\3o6zaUP_jpg.jpg,Obscene
../data\3nz05ipst7221_jpg.jpg,Obscene
../data\3ocrhgewqsq01_jpg.jpg,ERROR
../data\3OCMrzm_png.jpg,Obscene
../data\3ME8zVW_jpg.jpg,Obscene
../data\3NRiNLV_jpg.jpg,Obscene
../data\3oe5cj1fel721_jpg.jpg,ERROR
../data\3nlQiY9_jpg.jpg,Obscene
../data\3mKqAe6_jpg.jpg,Obscene
../data\3lu6mjcf23j11_jpg.jpg,ERROR
../data\3P78ewR_jpg.jpg,Obscene
../data\3opZYNE_jpg.jpg,Obscene
../data\3Nwf2kJ_jpg.jpg,Obscene
../data\3mjdsmo89ls11_jpg.jpg,ERROR
../data\3OOj80J_jpg.jpg,Obscene
../data\3M99Fjm_jpg.jpg,Obscene
../data\3pgYOXO_jpg.jpg,Obscene
../data\3PSxRwY_jpg.jpg,Obscene
../data\3oZBz_jpg.jpg,Obscene
../data\3qmzB1j_jpg.jpg,Obscene
../data\3PJaM_jpg.jpg,Obscene
../data\3p9lUbr_jpg.jpg,Obscene
../data\3oCdbHc_jpg.jpg,Obscene
../data\3r9lIyI_jpg.jpg,Obscene
../data\3qDtbqF_jpg.jpg,Obscene
../data\3pgy59ebswf11_jpg.jpg,Obscene
../data\3Ote7Im_jpg.jpg,Obscene
../data\3rgd2kthflb21_jpg.jpg,ERROR
../data\3osXC_jpg.jpg,Obscene
../data\3p1ociunen721_jpg.jpg,Obscene
../data\3piSVVi_jpg.jpg,Obscene
../data\3ozdoeyhxia11_jpg.jpg,Obscene
../data\3PjiTCi_jpg.jpg,Obscene
../data\3qwisrv4627z_jpg.jpg,Obscene
../data\3RS0ESx_jpg.jpg,Obscene
../data\3qijjn11aa121_jpg.jpg,Obscene
../data\3QdQKmf_jpg.jpg,Obscene
../data\3ptB6Ax_jpg.jpg,ERROR
../data\3oPnlT6_jpg.jpg,Obscene
../data\3QPUUo2_jpg.jpg,Obscene
../data\3qT2TZt_jpg.jpg,ERROR
../data\3qpmotm0jb021_jpg.jpg,ERROR
../data\3Q7mKGb_jpg.jpg,Obscene
../data\3rxbg9Q_jpg.jpg,Obscene
../data\3putel7_jpg.jpg,Obscene
../data\3OU57t2_jpg.jpg,Obscene
../data\3QpfwT0_jpg.jpg,Obscene
../data\3OYdDnC_jpg.jpg,Obscene
../data\3R4MTSf_jpg.jpg,Obscene
../data\3rrldheammx01_jpg.jpg,Obscene
../data\3r9o0Zm_jpg.jpg,Obscene
../data\3r2WHjl_jpg.jpg,Obscene
../data\3PYTdAT_jpg.jpg,Obscene
../data\3sagdclg4pu11_png.jpg,Obscene
../data\3SAI0Ib_jpg.jpg,Obscene
../data\3S8gpCV_jpg.jpg,Obscene
../data\3r2b6Lk_jpeg.jpg,Obscene
../data\3sEb8rj_jpg.jpg,Obscene
../data\3R4LZCU_jpg.jpg,Obscene
../data\3rYClc4_jpg.jpg,Obscene
../data\3P3XrZs_jpg.jpg,ERROR
../data\3S4UFfi_jpg.jpg,Obscene
../data\3RoUkjF_jpg.jpg,Obscene
../data\3tuwHQb_jpg.jpg,Obscene
../data\3s4mu8tn9ix11_jpg.jpg,Obscene
../data\3rznox47x9m11_jpg.jpg,Obscene
../data\3r62jnputw801_jpg.jpg,ERROR
../data\3rtl42uzslgz_jpg.jpg,Obscene
../data\3RyGjii_jpg.jpg,Obscene
../data\3S7mJnZ_jpg.jpg,Obscene
../data\3qpevzx96ob21_jpg.jpg,Obscene
../data\3sFKsCL_jpg.jpg,Obscene
../data\3tT09SV_jpg.jpg,Obscene
../data\3s3r3GE_jpg.jpg,Obscene
../data\3Si8nbg_jpg.jpg,Obscene
../data\3Tkt1_jpg.jpg,Obscene
../data\3tdlhCf_jpg.jpg,Obscene
../data\3SytnsA_jpg.jpg,Obscene
../data\3tupXzE_jpg.jpg,Obscene
../data\3RCP7oQ_jpg.jpg,Obscene
../data\3TZXAUw_jpg_1.jpg,Obscene
../data\3uNK9bG_jpg.jpg,Obscene
../data\3sAbDFx_jpg.jpg,Obscene
../data\3sp3cvN_jpg.jpg,Obscene
../data\3ter4Fw_jpg.jpg,Obscene
../data\3uxjhseczw611_jpg.jpg,Obscene
../data\3TPPl_jpg.jpg,Obscene
../data\3v5DKUn_jpg.jpg,Obscene
../data\3tx4cMG_jpg.jpg,Obscene
../data\3QFP6Jy_jpg.jpg,ERROR
../data\3U4zRve_jpg.jpg,Obscene
../data\3So2OF1_jpg.jpg,Obscene
../data\3rpwefn70xv11_jpg.jpg,ERROR
../data\3slrv0n482621_jpg.jpg,ERROR
../data\3sL82K4_jpg.jpg,Obscene
../data\3v3cVGc_jpg.jpg,Obscene
../data\3veVl8J_jpg.jpg,Obscene
../data\3uwKkBX_jpg.jpg,Obscene
../data\3vGcY4H_jpg.jpg,Obscene
../data\3wcpG_jpg.jpg,Obscene
../data\3RCqJ_jpg.jpg,ERROR
../data\3vnhJDj_jpg.jpg,Obscene
../data\3Ug9xEr_jpg.jpg,Obscene
../data\3ti1fxqb1ef11_jpg.jpg,ERROR
../data\3uYlkRT_jpg.jpg,Obscene
../data\3WBi6Nc_jpg.jpg,Obscene
../data\3XdA62w_jpg.jpg,Obscene
../data\3VvTwFI_png.jpg,Obscene
../data\3wbS14t_jpg.jpg,Obscene
../data\3WAIrx7_jpg.jpg,Obscene
../data\3xhe5s1rffb21_jpg.jpg,Obscene
../data\3W1JrhG_jpg_1.jpg,Obscene
../data\3we97dy_jpg.jpg,Obscene
../data\3woBlSX_jpg.jpg,Obscene
../data\3vw7mcye15pz_jpg.jpg,Obscene
../data\3VWT5dx_jpg.jpg,Obscene
../data\3wvLXlT_jpg.jpg,Obscene
../data\3uvLSqi_jpg.jpg,ERROR
../data\3WZcAlT_jpg.jpg,Obscene
../data\3t43Viz_jpg.jpg,ERROR
../data\3Xjub2t_jpg.jpg,Obscene
../data\3YGRo3r_jpg.jpg,Obscene
../data\3Wzc5Sy_jpg.jpg,Obscene
../data\3uAnALz_jpg.jpg,ERROR
../data\3x5jojmvg4c21_jpg.jpg,Obscene
../data\3XuQJnz_jpg.jpg,Obscene
../data\3X0MuXh_jpg.jpg,Obscene
../data\3xt2whf_jpg.jpg,Obscene
../data\3xKiY9p_jpg.jpg,Obscene
../data\3vbza9e53u821_jpg.jpg,Obscene
../data\3wypJdo_jpg.jpg,Obscene
../data\3ZPF7M4_jpg.jpg,Obscene
../data\3XpE14s_jpg.jpg,Obscene
../data\3YOg8jp_jpg.jpg,Obscene
../data\3vKT8Xi_jpg.jpg,ERROR
../data\3xzzg4bxb4o01_jpg.jpg,Obscene
../data\3XEhs6Y_jpg.jpg,Obscene
../data\3Y6ZAfK_png.jpg,Obscene
../data\3ZYF5Mq_jpg.jpg,Obscene
../data\3YDOhXd_jpg.jpg,Obscene
../data\3ykPgEA_jpg.jpg,Obscene
../data\3YSS0lW_jpg.jpg,Obscene
../data\3XwIVCs_jpg.jpg,Obscene
../data\3X3ilnc_jpg.jpg,Obscene
../data\3y1SKG7_jpg.jpg,Obscene
../data\3zswD5x_jpg.jpg,Obscene
../data\3svxgqh4y7wz_jpg.jpg,ERROR
../data\3yxggzuyck8z_jpg.jpg,Obscene
../data\3ZEwSbS_jpg.jpg,Obscene
../data\3yybj8jnhw021_jpg.jpg,Obscene
../data\3WZmygd_jpg.jpg,Obscene
../data\3zWDgun_jpg.jpg,Obscene
../data\3yV1Pg6_jpg.jpg,Obscene
../data\3zkz5p6c0xw11_jpg.jpg,Obscene
../data\3yteSku_jpg.jpg,Obscene
../data\4099rthku3821_jpg.jpg,Obscene
../data\3zG4E1m_jpg.jpg,Obscene
../data\3z4a1s0mdoo11_jpg.jpg,Obscene
../data\40k4B_jpg.jpg,Obscene
../data\3veqvk0kxuk11_jpg.jpg,ERROR
../data\408ac5l4c1521_jpg.jpg,ERROR
../data\3TqwMaU_jpg.jpg,ERROR
../data\3VeWZqq_jpg.jpg,ERROR
../data\40x5s9R_jpg.jpg,Obscene
../data\3xj48mxsxkd21_jpg.jpg,ERROR
../data\4120joqcpnv11_png.jpg,Obscene
../data\3ZW4Mdz_jpg.jpg,Obscene
../data\40n5cztsfrf11_jpg.jpg,Obscene
../data\422b6_jpg.jpg,Obscene
../data\3zLIc_png.jpg,Obscene
../data\40NmWAH_jpg.jpg,Obscene
../data\3uo5j8rp8xs11_jpg.jpg,ERROR
../data\40rpvW4_jpg.jpg,Obscene
../data\3_jpg.jpg,Obscene
../data\443oelbjhor11_jpg.jpg,Obscene
../data\42LMJh7_jpg.jpg,Obscene
../data\41dvte7804tz_jpg.jpg,Obscene
../data\403ezjtydpi01_jpg.jpg,Obscene
../data\41eCSws_png.jpg,Obscene
../data\41xfT4k_jpg.jpg,Obscene
../data\42etEKo_jpg.jpg,Obscene
../data\3YZsu57_jpg.jpg,ERROR
../data\42pwzg1pbblz_jpg.jpg,ERROR
../data\42g3TAE_jpg.jpg,Obscene
../data\42jk5ti431o01_jpg.jpg,Obscene
../data\413KrBz_jpg.jpg,Obscene
../data\43j159srk5p11_jpg.jpg,Obscene
../data\41OTDCO_jpg.jpg,Obscene
../data\3vgi9o087pb11_jpg.jpg,ERROR
../data\42lupCR_jpeg.jpg,Obscene
../data\42xvq4er8u621_jpg.jpg,Obscene
../data\3payh6f67qd21_jpg.jpg,ERROR
../data\42pMpSj_jpg.jpg,Obscene
../data\41LpK_jpg.jpg,Obscene
../data\43o5a0gfgx311_jpg.jpg,Obscene
../data\43oQqp7_jpg.jpg,Obscene
../data\3ym8st8gxbj11_jpg.jpg,ERROR
../data\43H6pjL_jpg.jpg,Obscene
../data\44FhaTy_jpg.jpg,Obscene
../data\44KDme9_jpg.jpg,Obscene
../data\4489crR_jpg.jpg,Obscene
../data\44Mkyjk_jpg.jpg,Obscene
../data\43B8rJ4_jpg.jpg,Obscene
../data\4375769945_fd71db12fa_z_jpg.jpg,Obscene
../data\448dkbS_jpg.jpg,Obscene
../data\44jehh7kyu321_jpg.jpg,Obscene
../data\44fpDi2_jpg.jpg,Obscene
../data\43zE25E_jpg.jpg,Obscene
../data\42P8LoF_jpg.jpg,Obscene
../data\43IWbrH_jpg.jpg,Obscene
../data\43aMyLw_jpg.jpg,ERROR
../data\44sil6n_jpg.jpg,Obscene
../data\4526LIH_jpg.jpg,Obscene
../data\45lGmBY_jpg.jpg,Obscene
../data\45ECp4h_jpg.jpg,Obscene
../data\454NQDK_jpg.jpg,Obscene
../data\429n4xbyhg321_jpg.jpg,ERROR
../data\42MdsEN_jpg.jpg,ERROR
../data\40cpov72xaiz_jpg.jpg,ERROR
../data\43vwygmovx6z_jpg.jpg,ERROR
../data\3xfn1c7tp2c11_jpg.jpg,ERROR
../data\47Ijn7P_jpg.jpg,Obscene
../data\46DP6Q8_jpg.jpg,Obscene
../data\42guzidn7bh11_jpg.jpg,ERROR
../data\45G8Qcr_jpg.jpg,Obscene
../data\46Xn7g2_jpg.jpg,Obscene
../data\489My_jpg.jpg,Obscene
../data\45nfwmxjao121_jpg.jpg,Obscene
../data\45i7cs57j5911_jpg.jpg,Obscene
../data\45l69ts1em301_jpg.jpg,Obscene
../data\46XKdSU_jpg.jpg,Obscene
../data\48B60Nr_jpg.jpg,Obscene
../data\44th4va_jpg.jpg,Obscene
../data\43mpqdqgqox11_jpg.jpg,Obscene
../data\47GOdao_png.jpg,ERROR
../data\45whg2e94x501_jpg.jpg,Obscene
../data\47Jyk_jpg.jpg,Obscene
../data\457m7j1xwcz11_jpg.jpg,Obscene
../data\45j2NNY_jpg.jpg,Obscene
../data\48IgKWM_jpg.jpg,Obscene
../data\47mjfTV_jpg.jpg,Obscene
../data\47aruhmu1su11_jpg.jpg,Obscene
../data\45iq7giapvt01_jpg.jpg,Obscene
../data\48yerc7_jpg.jpg,Obscene
../data\47OVc0v_jpg.jpg,Obscene
../data\44UHZXx_jpg.jpg,Obscene
../data\48jxd0nmecc21_jpg.jpg,ERROR
../data\47OVc0v_png.jpg,Obscene
../data\4650883897_232984f03a_b_jpg.jpg,Obscene
../data\47j1e_jpg.jpg,Obscene
../data\45po8x0i7ea11_jpg.jpg,ERROR
../data\496gxvw9k1x11_jpg.jpg,Obscene
../data\45ZiJ9I_jpg.jpg,Obscene
../data\49xc5r8k38721_jpg.jpg,Obscene
../data\48ec4yzm9lh01_jpg.jpg,Obscene
../data\48OlX_jpg.jpg,Obscene
../data\47X0U5g_jpg.jpg,Obscene
../data\45CadMU_jpg.jpg,Obscene
../data\48UqA9C_jpg.jpg,Obscene
../data\48ywyB5_jpg.jpg,Obscene
../data\4aejjGu_jpg.jpg,Obscene
../data\49Atju3_jpg.jpg,Obscene
../data\49MsxQh_jpg.jpg,Obscene
../data\48mcywegbxx11_jpg.jpg,ERROR
../data\47a49c2bd3204600ac31738da827d3e2_fit_max&h_1536&w_1536&s_428d6947b22ba2a1678a3c0d73e8c5d0.jpg,Obscene
../data\47Ijn7P_png.jpg,Obscene
../data\47divhw0ewt11_jpg.jpg,ERROR
../data\46Qu3U9_png.jpg,ERROR
../data\49viyPS_jpg.jpg,Obscene
../data\49w8ssf_jpg.jpg,Obscene
../data\49flX_jpg.jpg,Obscene
../data\4bcyc1mobdc21_jpg.jpg,Obscene
../data\4B329uM_jpg.jpg,Obscene
../data\4bhbnXr_jpg.jpg,Obscene
../data\4BNeyrp_jpg.jpg,Obscene
../data\4aml4FS_jpg.jpg,Obscene
../data\4BDhx_jpg.jpg,Obscene
../data\4amft8lbs5211_jpg.jpg,Obscene
../data\4B1gJTF_jpg.jpg,Obscene
../data\4atdsmnpbl211_jpg.jpg,Obscene
../data\4a59zfvnrvi01_jpg.jpg,Obscene
../data\4ADHJYH_jpg.jpg,Obscene
../data\4bYya1s_jpg.jpg,Obscene
../data\4bfuXkz_jpg.jpg,Obscene
../data\48ko1i0szpd21_jpg.jpg,ERROR
../data\4ahBstI_jpg.jpg,Obscene
../data\4afc4e4db6674b2794e73d0ace5cf769_fit_max&h_1536&w_1536&s_e6950137ef57f25832249eff144cfa4f.jpg,Obscene
../data\4a2oqsA_jpg.jpg,Obscene
../data\4bMxP_jpg.jpg,Obscene
../data\4ARziOe_jpg.jpg,Obscene
../data\4A9iJqt_jpg.jpg,Obscene
../data\4bFuiCO_jpg.jpg,Obscene
../data\4bj6ml3767021_jpg.jpg,Obscene
../data\4btGVSO_jpg.jpg,Obscene
../data\4ccmY4K_jpg.jpg,Obscene
../data\4cOzIkO_jpg.jpg,Obscene
../data\4BS5ICd_jpg.jpg,Obscene
../data\4bkVF_jpg.jpg,Obscene
../data\4B762dF_jpg.jpg,Obscene
../data\4ArotFi_jpg.jpg,Obscene
../data\4dcdca5d75264e7c943786d8c1421d66_fit_max&h_1536&w_1536&s_7d7f502a2fde46aba0e7b1f1db378884.jpg,Obscene
../data\4cbcwoi7kjh01_jpg.jpg,Obscene
../data\4BXuS5w_jpg.jpg,Obscene
../data\4egRaOV_png.jpg,Obscene
../data\4Cl8Xot_png.jpg,Obscene
../data\4DrVllX_jpg.jpg,Obscene
../data\4DmmH_jpg.jpg,Obscene
../data\4csd3ce_jpg.jpg,Obscene
../data\4e9386ee06f94a3e8846d66fc6a5a902_fit_max&h_1536&w_1536&s_23ab5146226fcd79a98cd38852c2aa3d.jpg,Obscene
../data\4b9v1fah4y511_jpg.jpg,Obscene
../data\4Eu0FGS_jpg.jpg,Obscene
../data\4eeae894e4b24a48b5bbd253618b1bae_fit_max&h_1536&w_1536&s_cf426627499741f0178e17ff574c3f4e.jpg,Obscene
../data\4eby3tt3fti01_jpg.jpg,Obscene
../data\4DSyLWC_jpg.jpg,Obscene
../data\4bjylex9d6x11_jpg.jpg,ERROR
../data\4bk110almnh01_jpg.jpg,Obscene
../data\4dkdjYW_jpg.jpg,Obscene
../data\4cwE1cB_jpg.jpg,Obscene
../data\4a9dg05e0hi11_jpg.jpg,ERROR
../data\4bO6ybJ_jpg.jpg,Obscene
../data\4dtJaHv_jpg.jpg,Obscene
../data\4fXf26e_jpg.jpg,Obscene
../data\4fNGjiw_jpg.jpg,Obscene
../data\4ekva92_jpg.jpg,Obscene
../data\4b0SQT8_jpg.jpg,ERROR
../data\4fidxOM_jpg.jpg,Obscene
../data\4EWncSZ_jpg.jpg,Obscene
../data\4FGU3vP_jpg_1.jpg,Obscene
../data\4ef3fyT_jpg.jpg,Obscene
../data\4FI15Hs_jpg.jpg,Obscene
../data\4eaUDCp_jpg.jpg,Obscene
../data\4e5Qgo4_jpg.jpg,Obscene
../data\4CGTGNU_jpg.jpg,ERROR
../data\4FlUo_jpg.jpg,Obscene
../data\4edd0cf3ca014438826fa18dc8ca77da_fit_max&h_1536&w_1536&s_54f43a6a911e2a86c66f53471a59a8a7.jpg,Obscene
../data\4FFowJ7_jpg.jpg,Obscene
../data\4c1d5zd5kq301_jpg.jpg,ERROR
../data\4fHGpFj_jpg.jpg,Obscene
../data\4acda9f4b3cb4644869240dfdd81e7bb_fit_max&h_1536&w_1536&s_173eb9bd2e6f0c41790d8b9c111d33d8.jpg,ERROR
../data\4FwQHVf_jpg.jpg,Obscene
../data\4f3Yqri_jpg.jpg,Obscene
../data\4e0j50dxyb721_jpg.jpg,Obscene
../data\4gbAPRb_jpg.jpg,Obscene
../data\4G4bXJd_jpg.jpg,Obscene
../data\4HYzybD_jpg.jpg,Obscene
../data\4g26ogywauc21_jpg.jpg,Obscene
../data\4ii8pAV_jpg.jpg,Obscene
../data\4fXKFWB_jpg.jpg,Obscene
../data\4GLBScM_jpg.jpg,Obscene
../data\4IDroQk_jpg.jpg,Obscene
../data\4hWKoOi_jpg.jpg,Obscene
../data\4gf34k76elz01_jpg.jpg,Obscene
../data\4GUzBYg_jpg.jpg,Obscene
../data\4duxME9_jpg.jpg,Obscene
../data\4ewjenazinq11_jpg.jpg,Obscene
../data\4FOywYz_jpg.jpg,Obscene
../data\4IaOzEC_jpg.jpg,Obscene
../data\4GtbA_jpg.jpg,Obscene
../data\4hu9fmqseey11_png.jpg,Obscene
../data\4fpkwohittr11_jpg.jpg,Obscene
../data\4hmzqs2ilhc21_jpg.jpg,Obscene
../data\4c2vKxD_jpg.jpg,ERROR
../data\4ixjqMP_jpg.jpg,Obscene
../data\4gcgarog2a721_jpg.jpg,ERROR
../data\4Ic966O_jpg.jpg,Obscene
../data\4fxWJat_jpg.jpg,Obscene
../data\4gQoE9Z_jpg.jpg,Obscene
../data\4ESTOS7_jpg_1.jpg,ERROR
../data\4j3MvKT_jpg.jpg,Obscene
../data\4i5fl6cd97921_jpg.jpg,Obscene
../data\4iFoogo_jpg.jpg,Obscene
../data\4GSJvZt_jpg.jpg,Obscene
../data\4irrhihihju01_jpg.jpg,Obscene
../data\4IPqjBb_jpg.jpg,Obscene
../data\4HkSlqe_jpg.jpg,Obscene
../data\4Ido7B1_jpg.jpg,Obscene
../data\4cgv6j2r54y11_jpg.jpg,ERROR
../data\4gXXZhw_jpg.jpg,Obscene
../data\4irdw67_jpg.jpg,Obscene
../data\4h1hj6i8f4021_jpg.jpg,Obscene
../data\4j3pTNu_jpg.jpg,Obscene
../data\4dwo5k5wf9m01_jpg.jpg,ERROR
../data\4j2eO4J_jpg.jpg,Obscene
../data\4jg2DlE_jpg.jpg,Obscene
../data\4GLo1iz_jpg.jpg,Obscene
../data\48724Hc_jpg.jpg,ERROR
../data\4Jkq29J_jpg.jpg,Obscene
../data\4jl41mjnx3721_jpg.jpg,Obscene
../data\4ky8xdx7t4n11_jpg.jpg,Obscene
../data\4kjxb6ha1f521_jpg.jpg,Obscene
../data\4kolGrB_jpg.jpg,Obscene
../data\4jgg5zv5ub021_jpg.jpg,Obscene
../data\4KNEGeCh_jpg.jpg,Obscene
../data\4Kl7TSJ_jpg.jpg,Obscene
../data\4jn6b_jpg.jpg,Obscene
../data\4kQ5TZv_jpg.jpg,Obscene
../data\4kdwWT2_png.jpg,Obscene
../data\4jgh3esr3q5z_jpg.jpg,Obscene
../data\4jxmeki5fqh11_jpg.jpg,Obscene
../data\4jx4lexbpg511_jpg.jpg,Obscene
../data\4jt88wo_jpg.jpg,Obscene
../data\4kBsX_jpg.jpg,Obscene
../data\4M0Qw_jpg.jpg,Obscene
../data\4ku1a0jjc3321_jpg.jpg,Obscene
../data\4ihFVcQ_jpg.jpg,Obscene
../data\4LiOSQ7_jpg.jpg,Obscene
../data\4epzh1fjtsqz_jpg.jpg,ERROR
../data\4kvzq00apk021_jpg.jpg,Obscene
../data\4h1lx5nw2vj11_jpg.jpg,ERROR
../data\4JNMjHB_jpg.jpg,Obscene
../data\4KAuYf3_jpg.jpg,Obscene
../data\4lWeC6f_jpg.jpg,Obscene
../data\4k49cdyle2g11_jpg.jpg,ERROR
../data\4jlzTw2_jpg.jpg,ERROR
../data\4MLOqUJ_jpg.jpg,Obscene
../data\4Le52ju_png.jpg,Obscene
../data\4l9uc9h835e11_jpg.jpg,Obscene
../data\4JeVOab_jpg.jpg,ERROR
../data\4LHIco7_jpg.jpg,Obscene
../data\4LVJI6V_jpg.jpg,Obscene
../data\4KCCTDw_jpg.jpg,Obscene
../data\4jySs3u_jpg.jpg,Obscene
../data\4nexmgdp3v311_jpg.jpg,Obscene
../data\4lDbWpk_jpg.jpg,Obscene
../data\4N6JYUd_jpg.jpg,Obscene
../data\4nLrLrV_jpg.jpg,Obscene
../data\4m19UU8_jpg.jpg,ERROR
../data\4NHfT_jpg.jpg,Obscene
../data\4HxyIWzTSu_png.jpg,ERROR
../data\4mWzHuN_jpg.jpg,Obscene
../data\4mRo9nR_jpg.jpg,Obscene
../data\4n9xs6qpqzi01_jpg.jpg,Obscene
../data\4MArE0U_jpg.jpg,Obscene
../data\4M8pBlW_jpg.jpg,Obscene
../data\4h4G1EV_jpg.jpg,ERROR
../data\4c1da53d302b4b7e9ed7e51dc420c529_fit_max&h_1536&w_1536&s_b1e21153879636adfc4bba30d909368b.jpg,ERROR
../data\4mpaejnn68521_jpg.jpg,Obscene
../data\4Msa5qO_jpg.jpg,Obscene
../data\4mxE7Sj_jpg.jpg,Obscene
../data\4MPxH_jpg.jpg,Obscene
../data\4kYHbMv_jpg.jpg,Obscene
../data\4MNqsRW_jpg.jpg,Obscene
../data\4LW8fOZ_jpg.jpg,Obscene
../data\4Npaswn_jpg.jpg,Obscene
../data\4PTUzxV_jpg.jpg,Obscene
../data\4Pu1Gq7_jpg.jpg,Obscene
../data\4Oq0weW_jpg.jpg,Obscene
../data\4qrLwpY_jpg.jpg,Obscene
../data\4qiH22R_png.jpg,Obscene
../data\4OnVf_jpg.jpg,Obscene
../data\4p30FW7_jpg_1.jpg,Obscene
../data\4qhId5X_jpg.jpg,Obscene
../data\4nQzR_jpg.jpg,Obscene
../data\4nWuEVY_jpg.jpg,Obscene
../data\4f3gr_jpg.jpg,ERROR
../data\4qczw5H_jpg.jpg,Obscene
../data\4dmbypmba34z_jpg.jpg,ERROR
../data\4P1r7RE_jpg.jpg,Obscene
../data\4nV9laa_jpg.jpg,Obscene
../data\4QSWZbl_jpg.jpg,Obscene
../data\4QDCCzw_jpg.jpg,Obscene
../data\4niOj4D_jpg.jpg,Obscene
../data\4NL7ieH_jpg.jpg,Obscene
../data\4NfKBYx_jpg.jpg,Obscene
../data\4PQefO1_jpg.jpg,Obscene
../data\4NBHN8s_jpg.jpg,Obscene
../data\4p2zdqpxn8801_jpg.jpg,Obscene
../data\4MJ1qAK_jpg.jpg,Obscene
../data\4nwd49dabad21_jpg.jpg,ERROR
../data\4jonc63zqr921_jpg.jpg,ERROR
../data\4nwFUVv_jpg.jpg,ERROR
../data\4rmCYuY_jpg.jpg,Obscene
../data\4rxk7wafn9k11_jpg.jpg,Obscene
../data\4nb68h3l7ry11_jpg.jpg,ERROR
../data\4qAgk_jpg.jpg,Obscene
../data\4q2gv40j5dy11_jpg.jpg,Obscene
../data\4qWumNd_jpg.jpg,Obscene
../data\4q4Y5rX_jpg.jpg,Obscene
../data\4qbhkptlfe401_jpg.jpg,Obscene
../data\4rjPwrZ_jpg.jpg,Obscene
../data\4r8dgvtzvlw11_jpg.jpg,Obscene
../data\4rkkhojni9xz_jpg.jpg,Obscene
../data\4RUhcay_jpg.jpg,Obscene
../data\4s6107yi55b21_jpg.jpg,Obscene
../data\4qfDLDn_jpg.jpg,Obscene
../data\4q2o3jA_jpg.jpg,Obscene
../data\4SdWk7m_jpg.jpg,Obscene
../data\4S2QIHQ_jpg.jpg,Obscene
../data\4tFOa1T_jpg.jpg,Obscene
../data\4rL84xG_jpg.jpg,Obscene
../data\4RuyPS7_jpg.jpg,Obscene
../data\4qqgxavfhju01_jpg.jpg,Obscene
../data\4PX4mGU_jpg.jpg,Obscene
../data\4tlr7vnofmjz_jpg.jpg,Obscene
../data\4RCFkTj_jpg.jpg,Obscene
../data\4rn5f47u9mn11_jpg.jpg,Obscene
../data\4mxo4ccttn921_jpg.jpg,ERROR
../data\4RDSUBK_jpg.jpg,Obscene
../data\4qjy34jv8tt01_jpg.jpg,ERROR
../data\4o3k4nykf7r01_jpg.jpg,ERROR
../data\4Rlk6DH_jpg.jpg,Obscene
../data\4q858kolq7a11_jpg.jpg,Obscene
../data\4rqUkOl_jpg.jpg,Obscene
../data\4sv51ob0l4x11_jpg.jpg,Obscene
../data\4sToTJY_jpg.jpg,Obscene
../data\4taCUGI_jpg.jpg,Obscene
../data\4rXAd7I_jpg.jpg,Obscene
../data\4tOV1kh_jpg.jpg,Obscene
../data\4tiNM6E_jpg.jpg,Obscene
../data\4SBzs5T_jpg.jpg,Obscene
../data\4v3mQFd_jpg.jpg,Obscene
../data\4vnzXpx_jpg.jpg,Obscene
../data\4t3jtfP_jpg.jpg,Obscene
../data\4UmVu1W_jpg.jpg,Obscene
../data\4Rn6PHe_jpg.jpg,Obscene
../data\4u184bh5kpu11_jpg.jpg,Obscene
../data\4VLTJQR_jpg.jpg,Obscene
../data\4UNx4Pn_jpg.jpg,Obscene
../data\4uxEuHD_jpg.jpg,Obscene
../data\4vfyqgnzlen11_jpg.jpg,Obscene
../data\4VsuaTw_jpg.jpg,Obscene
../data\4TOYh19_jpg.jpg,Obscene
../data\4rypkj1n3ed21_jpg.jpg,ERROR
../data\4tRRm0q_jpg.jpg,Obscene
../data\4SS4Xq5_jpg.jpg,Obscene
../data\4VKWluL_jpg.jpg,Obscene
../data\4s4hqsqqz9621_jpg.jpg,ERROR
../data\4Uu6fX5_jpg.jpg,Obscene
../data\4rmhxl2haia21_jpg.jpg,ERROR
../data\4O03pLH_jpg.jpg,ERROR
../data\4U0Vp_jpg.jpg,Obscene
../data\4q4m0ccc50w11_jpg.jpg,ERROR
../data\4vBWMkI_jpg.jpg,Obscene
../data\4rzlzv9w69221_jpg.jpg,ERROR
../data\4rnMyGc_jpg.jpg,ERROR
../data\4vabc3K_jpg.jpg,ERROR
../data\4sKdN5q_jpg.jpg,ERROR
../data\4Vm78Q3_jpg.jpg,Obscene
../data\4swjfadcyj521_jpg.jpg,ERROR
../data\4wQL8Cd_jpg.jpg,Obscene
../data\4W6aN2E_jpg.jpg,Obscene
../data\4VNkjH3_jpg.jpg,Obscene
../data\4WsmpMm_jpg.jpg,Obscene
../data\4vWMO65_jpg.jpg,Obscene
../data\4vm1zaw_jpg.jpg,Obscene
../data\4vO62Kc_jpg.jpg,Obscene
../data\4XmHt3b_jpg.jpg,Obscene
../data\4WF34Rg_jpg.jpg,Obscene
../data\4WawL_jpg.jpg,Obscene
../data\4XbMZDJ_jpeg.jpg,Obscene
../data\4xFi6dh_jpg.jpg,Obscene
../data\4WF8HH7_jpg.jpg,Obscene
../data\4X9JB5K_jpg.jpg,Obscene
../data\4vcp9iekc6u11_jpg.jpg,Obscene
../data\4XHA4Ve_jpg.jpg,ERROR
../data\4xjKHEo_jpg.jpg,Obscene
../data\4X7Efgi_jpg.jpg,Obscene
../data\4vpmk20iaejz_jpg.jpg,Obscene
../data\4tTdwkT_jpg.jpg,Obscene
../data\4xBYahw_jpg.jpg,Obscene
../data\4X2ZtLw_jpg.jpg,Obscene
../data\4x5txlqmowm01_jpg.jpg,Obscene
../data\4u1aJQD_jpg.jpg,Obscene
../data\4wranlmbuab21_jpg.jpg,ERROR
../data\4vLP43V_jpg.jpg,Obscene
../data\4wcKivg_jpg.jpg,ERROR
../data\4vhasinhe4a11_jpg.jpg,Obscene
../data\4w2eGg7_jpg.jpg,Obscene
../data\4wQqWAd_jpg.jpg,Obscene
../data\4XMv8rN_jpg.jpg,Obscene
../data\4X0wp0G_jpg.jpg,Obscene
../data\4xXpdPc_jpg.jpg,Obscene
../data\4zHHWxA_jpg.jpg,Obscene
../data\4w3uc1bp2c221_jpg.jpg,Obscene
../data\4wR8J23_jpg.jpg,Obscene
../data\4xqMe1a_jpg.jpg,Obscene
../data\4z0oni88lvn11_jpg.jpg,Obscene
../data\4XwO4KO_jpg.jpg,Obscene
../data\4xwGCKa_png.jpg,Obscene
../data\4zjai87hoop01_jpg.jpg,Obscene
../data\4W6qf8E_jpg.jpg,ERROR
../data\4x6TIis_jpg.jpg,Obscene
../data\4YML3cV_jpg.jpg,Obscene
../data\4w8RcVp_jpg.jpg,ERROR
../data\4XDJZAL_jpg.jpg,Obscene
../data\4wofgf8fpq321_jpg.jpg,Obscene
../data\4xIS0yW_jpg.jpg,Obscene
../data\4whjbrC_jpg.jpg,Obscene
../data\4YOVpbb_jpg.jpg,ERROR
../data\4W7bYQp_jpg.jpg,Obscene
../data\4xFApUS_jpg.jpg,Obscene
../data\508ggoP_jpg.jpg,Obscene
../data\4xxponton8i11_jpg.jpg,Obscene
../data\4YO8BUG_jpg.jpg,Obscene
../data\4yzAz2g_jpg.jpg,Obscene
../data\50B7Zh_jpg.jpg,Obscene
../data\4zn5b_jpg.jpg,Obscene
../data\50L4PA3_jpg.jpg,Obscene
../data\50b18BM_jpg.jpg,Obscene
../data\4zb3t3n5jyx11_jpg.jpg,Obscene
../data\4YNOSjf_jpg.jpg,Obscene
../data\4y2cs5cba3321_jpg.jpg,ERROR
../data\4z7f5okpzwk11_jpg.jpg,Obscene
../data\4zgDE_jpg.jpg,Obscene
../data\509htsn7jg0z_jpg.jpg,Obscene
../data\50rwtflu0b701_jpg.jpg,Obscene
../data\50YuSX5_jpg.jpg,Obscene
../data\4z3k0dxscgk01_jpg.jpg,Obscene
../data\52DAf_jpg.jpg,Obscene
../data\4ZtuqcK_jpg.jpg,Obscene
../data\51lafokorab21_jpg.jpg,Obscene
../data\509fc6t9d4y11_jpg.jpg,Obscene
../data\51SHfVh_jpg.jpg,Obscene
../data\52dxdhfqjsa21_jpg.jpg,ERROR
../data\51rANZA_jpg.jpg,Obscene
../data\5239e99258854805879fd33596bed14c_fit_max&h_1536&w_1536&s_f21509e11b74ad17e05faceadcf1a93e.jpg,Obscene
../data\51cf4w5xh4x11_jpg.jpg,Obscene
../data\53QgwDz_jpg.jpg,Obscene
../data\51LR3DC_jpg.jpg,Obscene
../data\54xhTjp_jpg.jpg,Obscene
../data\53gcc5e9u9h11_jpg.jpg,Obscene
../data\50cstlrj52301_jpg.jpg,Obscene
../data\52rhlkoa2wa01_jpg.jpg,Obscene
../data\4zsVjNj_jpg.jpg,Obscene
../data\50ncbobivdc21_jpg.jpg,Obscene
../data\5184031cfde04e65854c03ba14ae91b5_fit_max&h_1536&w_1536&s_9db77da859e736fbf00750d349669abb.jpg,Obscene
../data\52bM7r3_jpg.jpg,Obscene
../data\51b973db75cb478593ad10f3f5d90805_fit_max&h_1536&w_1536&s_f60fbf1e0208e9603f22d56e63f2f76f.jpg,Obscene
../data\52T6uNg_jpg.jpg,Obscene
../data\540cgigphz211_jpg.jpg,Obscene
../data\55TUNhl_jpg.jpg,Obscene
../data\55lB4fs_jpg.jpg,Obscene
../data\56rp04zo56mz_png.jpg,Obscene
../data\52qe7XW_jpg.jpg,Obscene
../data\52f3e022b907402b8046b89731d4e3bd_fit_max&h_1536&w_1536&s_09f1ae605bcd1f2b06b21254033b45a8.jpg,Obscene
../data\56uADPC_jpg.jpg,Obscene
../data\4zoypyj46ed21_jpg.jpg,ERROR
../data\56g79XB_jpg.jpg,Obscene
../data\5520e1208b39456885a884ff6e7439c0_fit_max&h_1536&w_1536&s_7f8c62070d151a0ea4e489339ccd9089.jpg,Obscene
../data\54rs0VV_jpg.jpg,Obscene
../data\53ewcsr_jpg.jpg,Obscene
../data\55He6ch_jpg.jpg,Obscene
../data\52i5xn5q1du11_jpg.jpg,Obscene
../data\54ioyf6wy5v11_jpg.jpg,Obscene
../data\54PGpv9_jpg.jpg,Obscene
../data\52oyvu4d8xyz_jpg.jpg,Obscene
../data\566eetwj4awy_jpg.jpg,Obscene
../data\50M53ZL_jpg.jpg,ERROR
../data\55NtUif_jpg.jpg,Obscene
../data\57hhrm8qvdw11_jpg.jpg,Obscene
../data\57T6slN_jpg.jpg,Obscene
../data\57VmBEP_jpg.jpg,Obscene
../data\5501342860084d1d90060d30c1e73e39_fit_max&h_1536&w_1536&s_bebbbea85e21761e58b41e6322757253.jpg,Obscene
../data\50h5417p27p11_jpg.jpg,ERROR
../data\526f7f292489496b8209eae4e3a978a5_fit_max&h_1536&w_1536&s_c8254c5e7bf2242b0821c497d28d21da.jpg,Obscene
../data\581ga9wa06721_jpg.jpg,Obscene
../data\58l4pds607r01_jpg.jpg,Obscene
../data\4ZwAoYH_jpg.jpg,ERROR
../data\57h2i1h7enn01_jpg.jpg,Obscene
../data\51cd5gu8z9821_jpg.jpg,ERROR
../data\57c527215b684b7b8fbf8b4d2048a46b_fit_max&h_1536&w_1536&s_667ee8dcab4b21d646d4cd22ce2cfef1.jpg,Obscene
../data\5741ccda6f3d430aa5aa2f187e27a7f9_fit_max&h_1536&w_1536&s_dc74a9b2995030dbbfa99817e570f62d.jpg,Obscene
../data\58MVAMX_jpg.jpg,Obscene
../data\57BLIW0_jpg.jpg,Obscene
../data\59czX7s_jpg.jpg,Obscene
../data\59GHB_jpg.jpg,Obscene
../data\58stKsy_jpg.jpg,Obscene
../data\59g7UjM_jpg.jpg,Obscene
../data\57TWfR1_jpg.jpg,Obscene
../data\57Uol93_jpg.jpg,Obscene
../data\5865sr9a7fnz_jpg.jpg,Obscene
../data\58l39Ik_jpg.jpg,Obscene
../data\599t7o1r7kkz_jpg.jpg,Obscene
../data\58x8x4A_jpg.jpg,Obscene
../data\5A6bwAO_jpg.jpg,Obscene
../data\59AC1Yu_jpg.jpg,Obscene
../data\58Ed9hT_jpg.jpg,Obscene
../data\55465j42df701_jpg.jpg,ERROR
../data\5BBrXFU_jpg.jpg,Obscene
../data\5asojTh_jpg.jpg,Obscene
../data\5aGybk0_jpg.jpg,Obscene
../data\5bgbmluia8w01_jpg.jpg,Obscene
../data\58yc4ai_jpg.jpg,Obscene
../data\58tSAlJ_jpg.jpg,Obscene
../data\5agZ012_jpg.jpg,Obscene
../data\59wwhjwj0sb21_jpg.jpg,Obscene
../data\59p5kwrti6c21_jpg.jpg,Obscene
../data\582djgw7s4721_jpg.jpg,Obscene
../data\5bXKZKs_jpg.jpg,Obscene
../data\5b1eImm_jpg.jpg,Obscene
../data\5axyBSv_jpg.jpg,Obscene
../data\58ZBt1B_jpg.jpg,ERROR
../data\5a4uqh5yj1t01_jpg.jpg,Obscene
../data\5AyG7Bn_jpg.jpg,Obscene
../data\5APE06b_jpg.jpg,Obscene
../data\5bMGD2c_png.jpg,Obscene
../data\5aXimXO_jpg.jpg,Obscene
../data\5BftOle_png.jpg,Obscene
../data\59rsdye5nln11_jpg.jpg,ERROR
../data\59xg7rjy868z_jpg.jpg,ERROR
../data\596iofkkhjb11_jpg.jpg,ERROR
../data\5aWt6BU_jpeg.jpg,ERROR
../data\579olw8n00z11_jpg.jpg,ERROR
../data\5asY7oG_jpg.jpg,Obscene
../data\5alTM_jpg.jpg,Obscene
../data\50cQpDM_jpg.jpg,ERROR
../data\56ylBqp_jpg.jpg,ERROR
../data\5Br42VB_jpg.jpg,Obscene
../data\586X3_jpg.jpg,ERROR
../data\5CeGUJD_jpg.jpg,Obscene
../data\57sx8tbsr8m11_jpg.jpg,ERROR
../data\5CV50fT_jpg.jpg,Obscene
../data\5aupktpvhyf11_jpg.jpg,Obscene
../data\5bhuyMw_jpg.jpg,Obscene
../data\5C8honn_jpg.jpg,Obscene
../data\5ByqQi2_jpg.jpg,Obscene
../data\5BLuJWn_jpg.jpg,Obscene
../data\58zF7ej_jpg.jpg,ERROR
../data\5D3tYiO_jpg.jpg,Obscene
../data\5bTy0PC_jpg.jpg,Obscene
../data\5bbXCoK_jpg.jpg,Obscene
../data\55Ym88J_jpg.jpg,ERROR
../data\5c5r4nq58ii11_jpg.jpg,Obscene
../data\5d734bf591424c40a54ae01e91a66618_fit_max&h_1536&w_1536&s_f83ef30865913b4284dbaf92b9d7a559.jpg,Obscene
../data\5AOVu33_jpg.jpg,Obscene
../data\5cgyulxju6x11_jpg.jpg,Obscene
../data\5BYLOop_jpg.jpg,Obscene
../data\52kxwdmxglw11_jpg.jpg,ERROR
../data\56g1ay8ucwn11_png.jpg,ERROR
../data\5c728qumqb521_jpg.jpg,Obscene
../data\5Dib9G4_jpg.jpg,Obscene
../data\5EtlNdC_jpg.jpg,Obscene
../data\5dAdryl_jpg.jpg,Obscene
../data\5e6Ts5j_jpg.jpg,Obscene
../data\5DUbg4B_jpg.jpg,Obscene
../data\5f9iryu_jpg.jpg,Obscene
../data\5E2PwGE_jpg.jpg,Obscene
../data\5e9c5f9fc5764a949b7ce6176b062e50_fit_max&h_1536&w_1536&s_6c95d634c6743530f686a6ca5293c20a.jpg,Obscene
../data\5dd1HnO_jpg.jpg,Obscene
../data\5EfpJgM_jpg.jpg,Obscene
../data\5dxlxicb9yz01_jpg.jpg,Obscene
../data\5dbIhpF_jpg.jpg,Obscene
../data\5d41fc84e55e4ddfb0f07150141a038f_fit_max&h_1536&w_1536&s_572298fcec6f3651ac405ec63e38459d.jpg,Obscene
../data\5E66JEc_jpg.jpg,Obscene
../data\5EUIYrv_jpg.jpg,Obscene
../data\5ebcVFh_jpg.jpg,Obscene
../data\5eqbi59egfc11_jpg.jpg,Obscene
../data\5D9jKfV_jpg.jpg,Obscene
../data\5DFhdEv_jpg.jpg,Obscene
../data\5eK4QsY_jpg.jpg,Obscene
../data\5e7b8pjg6bc21_jpg.jpg,Obscene
../data\5d1lmq3uwk121_jpg.jpg,ERROR
../data\5dnjwee2n4201_jpg.jpg,Obscene
../data\5d939c5fd4404ae1b452785cb1c51cf7_fit_max&h_1536&w_1536&s_1aa3528f5c439078e8fc0961e4ec23cd.jpg,Obscene
../data\5eOQbfu_jpg.jpg,Obscene
../data\5fmh0q6_jpg.jpg,Obscene
../data\5DPvm4T_jpg.jpg,Obscene
../data\5dmuj_jpg.jpg,Obscene
../data\5gCj28a_jpg.jpg,Obscene
../data\5fSQa_jpg.jpg,Obscene
../data\5fowg0ywsa121_jpg.jpg,Obscene
../data\5g7TqX7_jpg.jpg,Obscene
../data\5GaJSim_jpg.jpg,Obscene
../data\5ErLuz8_jpg.jpg,Obscene
../data\5fyIvly_jpg.jpg,Obscene
../data\5ekCYO3_jpg.jpg,Obscene
../data\5bvfhfm530x01_jpg.jpg,ERROR
../data\5337rzfrnrw11_jpg.jpg,ERROR
../data\5GngMjO_jpg.jpg,ERROR
../data\5GWg2F6_jpg.jpg,Obscene
../data\5GLoZ7C_jpg.jpg,Obscene
../data\5Ia4tQG_jpg.jpg,Obscene
../data\5gctqEd_jpg.jpg,Obscene
../data\5HiaICm_jpg.jpg,Obscene
../data\5IgAYZG_jpg.jpg,Obscene
../data\5GpptOY_png.jpg,Obscene
../data\55ep775fpcq11_jpg.jpg,ERROR
../data\5hil7Yl_jpg.jpg,Obscene
../data\5g583nkhp1721_jpg.jpg,Obscene
../data\5hjicvlws1221_jpg.jpg,Obscene
../data\5g0amzf757921_jpg.jpg,Obscene
../data\5IEEUGT_jpg.jpg,Obscene
../data\5hegifD_jpg.jpg,Obscene
../data\5ioz3Se_jpg.jpg,Obscene
../data\5I1MS6Q_jpg.jpg,Obscene
../data\5Gu53u1_jpg.jpg,Obscene
../data\5HKfJgd_jpg.jpg,Obscene
../data\5hUQuEh_jpg.jpg,Obscene
../data\5HFhO06_jpg.jpg,Obscene
../data\5dpdr70efqi11_jpg.jpg,ERROR
../data\5iw55507qsy11_jpg.jpg,Obscene
../data\5HXDO_jpg.jpg,Obscene
../data\5IyRGau_jpg.jpg,Obscene
../data\5is58aywhv101_jpg.jpg,Obscene
../data\5j00aqxb8ri11_jpg.jpg,Obscene
../data\5J5SrKT_jpg.jpg,Obscene
../data\5jKW9hA_jpg.jpg,Obscene
../data\5gdHh_jpg.jpg,ERROR
../data\5Jt33AB_jpg.jpg,Obscene
../data\5ImYsBC_jpeg.jpg,Obscene
../data\5j3I72K_jpg.jpg,Obscene
../data\5iLCQ1V_jpg.jpg,Obscene
../data\5hg978k8efl01_jpg.jpg,Obscene
../data\5Jbxx_jpg.jpg,Obscene
../data\5i3fw8qlzp011_jpg.jpg,Obscene
../data\5InoFvh_jpg.jpg,Obscene
../data\5J40j9h_png.jpg,Obscene
../data\5cTqPVU_jpg.jpg,ERROR
../data\5K8rWcz_jpg.jpg,Obscene
../data\5hxy9zrzm9l11_jpg.jpg,Obscene
../data\5hsb9px50nk11_jpg.jpg,Obscene
../data\5jAmBw3_jpg.jpg,Obscene
../data\5jGW8_jpg.jpg,Obscene
../data\5imy8t0tfou01_jpg.jpg,ERROR
../data\5jzplcsvx0w11_jpg.jpg,ERROR
../data\5Gt9pZb_jpg.jpg,ERROR
../data\5LCRZHs_jpg.jpg,Obscene
../data\5jw2Br4_jpg.jpg,Obscene
../data\5GkFm3z_jpg.jpg,ERROR
../data\5m43bcgsj5911_jpg.jpg,Obscene
../data\5JunT_jpg.jpg,Obscene
../data\5KLhVZP_jpg.jpg,Obscene
../data\5KZ5tV8_jpg.jpg,Obscene
../data\5l8blotkzo6z_jpg.jpg,Obscene
../data\5KmzVd0_jpg.jpg,Obscene
../data\5gk4qgg31b821_jpg.jpg,ERROR
../data\5K9HH29_jpg.jpg,Obscene
../data\5jfs07P_jpg.jpg,Obscene
../data\5KuOztv_jpg.jpg,Obscene
../data\5JYNMlt_jpg.jpg,Obscene
../data\5l6aZSJ_jpg.jpg,Obscene
../data\5hs7k7i2vdw11_jpg.jpg,ERROR
../data\5kdVKw1_jpg.jpg,Obscene
../data\5ld6WU7_jpg.jpg,Obscene
../data\5ktYAN2_jpg.jpg,Obscene
../data\5jfhydB_jpeg.jpg,Obscene
../data\5jVgBhJ_jpg.jpg,Obscene
../data\5lTcF9Z_jpg.jpg,Obscene
../data\5gszjgarmib11_jpg.jpg,ERROR
../data\5l5w2eg06o721_jpg.jpg,ERROR
../data\5k3x2HL_jpg.jpg,Obscene
../data\5LHLM7q_jpg.jpg,Obscene
../data\5hur9ef871t11_jpg.jpg,ERROR
../data\5k2sqVh_jpg.jpg,Obscene
../data\5jpav_jpg.jpg,Obscene
../data\5luKKUh_jpeg.jpg,Obscene
../data\5L3CcVQ_jpg.jpg,Obscene
../data\5mH8gUP_jpg.jpg,Obscene
../data\5K4pHY5_jpg.jpg,Obscene
../data\5nbmqrdqp2j11_jpg.jpg,Obscene
../data\5JZ2xII_jpg.jpg,ERROR
../data\5m32106vsp521_jpg.jpg,Obscene
../data\5lLX1RV_jpg.jpg,Obscene
../data\5nwuvh_jpg.jpg,Obscene
../data\5MgghRT_jpg.jpg,Obscene
../data\5lzizhe30t421_jpg.jpg,Obscene
../data\5ncxI1Q_jpg.jpg,Obscene
../data\5nPTDMO_jpg.jpg,Obscene
../data\5nzj7fcgn9011_jpg.jpg,Obscene
../data\5mtWw68_jpg.jpg,Obscene
../data\5mE6X_jpg.jpg,Obscene
../data\5n6nlZW_jpg.jpg,Obscene
../data\5mdx1ikyedd21_jpg.jpg,ERROR
../data\5OdTPyh_jpg.jpg,Obscene
../data\5nlVnAt_jpg.jpg,Obscene
../data\5kexPgW_jpg.jpg,ERROR
../data\5n9qeaedsby01_jpg.jpg,Obscene
../data\5miHYOv_jpg.jpg,Obscene
../data\5o5liUi_jpg.jpg,ERROR
../data\5mzw3Hd_jpg.jpg,Obscene
../data\5mn1z2dhvc901_jpg.jpg,Obscene
../data\5NwTH_jpg.jpg,Obscene
../data\5m4yzq9phsyz_jpg.jpg,Obscene
../data\5OeOU9z_jpg.jpg,Obscene
../data\5NmAdrX_jpg.jpg,Obscene
../data\5N4BfAe_jpg.jpg,Obscene
../data\5q3hpJp_jpg.jpg,Obscene
../data\5NLfu7v_jpg.jpg,Obscene
../data\5ou5Itc_jpg.jpg,Obscene
../data\5Ny1fkx_jpg.jpg,Obscene
../data\5OnddRZ_jpg.jpg,Obscene
../data\5PvsEdl_jpg.jpg,Obscene
../data\5NgVYV7_jpg.jpg,Obscene
../data\5oKJq8r_jpg.jpg,Obscene
../data\5opa4qs2ky121_jpg.jpg,Obscene
../data\5l4x2zx6n5621_jpg.jpg,ERROR
../data\5OpC48c_jpg.jpg,Obscene
../data\5PCNNJv_jpg.jpg,Obscene
../data\5fLE3RW_jpg.jpg,ERROR
../data\5qKgOAP_jpg.jpg,Obscene
../data\5pL6p_jpg.jpg,Obscene
../data\5oFQV6o_jpg.jpg,Obscene
../data\5oOMWJ9_jpg.jpg,Obscene
../data\5q9jd02c59221_jpg.jpg,Obscene
../data\5ouHA_jpg.jpg,Obscene
../data\5q7lkfaan5811_jpg.jpg,Obscene
../data\5O5m5Li_jpg.jpg,Obscene
../data\5p3pqRH_jpg.jpg,Obscene
../data\5ovno04jryf11_jpg.jpg,Obscene
../data\5qTJTQu_jpg.jpg,Obscene
../data\5QHysYM_jpg.jpg,Obscene
../data\5qSbcow_jpg_1.jpg,Obscene
../data\5p9nl_jpg.jpg,Obscene
../data\5q6GVkb_jpg.jpg,Obscene
../data\5p4wx7rll0f01_jpg.jpg,Obscene
../data\5pep7o5_jpg.jpg,Obscene
../data\5llxKRh_jpg.jpg,ERROR
../data\5qI9IuL_jpg.jpg,Obscene
../data\5MHvckC_jpg.jpg,ERROR
../data\5pIB7LA_jpg.jpg,Obscene
../data\5QxPpuC_png.jpg,Obscene
../data\5r1v3ed57v211_jpg.jpg,Obscene
../data\5qOUM_jpg.jpg,Obscene
../data\5Qv7uOu_jpg.jpg,Obscene
../data\5OItRoO_jpg.jpg,ERROR
../data\5RPHzAc_jpg.jpg,Obscene
../data\5mM8EcV_jpg.jpg,ERROR
../data\5RkvCFx_jpg.jpg,Obscene
../data\5RpcA2l_jpg.jpg,Obscene
../data\5rvgc2fpiao11_jpg.jpg,Obscene
../data\5r7yb4qynd321_jpg.jpg,Obscene
../data\5l7hdriqvrt01_jpg.jpg,ERROR
../data\5PLBI_jpg.jpg,Obscene
../data\5s2yxukjzi701_jpg.jpg,Obscene
../data\5S7imQE_jpg.jpg,Obscene
../data\5qUQ2Gz_jpg.jpg,Obscene
../data\5sbd6n8g4ec21_jpg.jpg,Obscene
../data\5SM3e0w_jpg.jpg,Obscene
../data\5rPKk6f_jpg.jpg,Obscene
../data\5SBBuT9_jpg.jpg,Obscene
../data\5orf289civg01_jpg.jpg,Obscene
../data\5rBDdSe_jpg.jpg,Obscene
../data\5RNWK8M_jpg.jpg,Obscene
../data\5PnoY_jpg.jpg,Obscene
../data\5rlzgojl1lv11_jpg.jpg,Obscene
../data\5S12Wl7_png.jpg,Obscene
../data\5Sbx1Xk_jpg.jpg,Obscene
../data\5rFmC_jpg.jpg,Obscene
../data\5kL328T_jpg.jpg,ERROR
../data\5SVbtmk_jpg.jpg,Obscene
../data\5rp1m8gbrf001_jpg.jpg,Obscene
../data\5Qv0lNV_jpg.jpg,ERROR
../data\5m60mgyhv4821_jpg.jpg,ERROR
../data\5SLff_jpg.jpg,Obscene
../data\5skaHes_jpg.jpg,Obscene
../data\5SZZFeX_jpg.jpg,Obscene
../data\5rDG1Dc_jpg.jpg,Obscene
../data\5rUOuSO_jpg.jpg,Obscene
../data\5S55ekZ_jpg.jpg,Obscene
../data\5t5Myo1_jpg.jpg,Obscene
../data\5rFxEPr_jpg.jpg,ERROR
../data\5n3pvzm1bo021_jpg.jpg,ERROR
../data\5svVhgY_jpg.jpg,Obscene
../data\5MEvLIZ_jpg.jpg,ERROR
../data\5ss7HBc_jpg.jpg,Obscene
../data\5SMeHCP_jpg.jpg,Obscene
../data\5TCXvuG_jpg.jpg,Obscene
../data\5UbEbAQ_jpg.jpg,Obscene
../data\5qw6ydf1tic11_jpg.jpg,ERROR
../data\5v6rgq1_jpg.jpg,Obscene
../data\5VH4A1c_jpg.jpg,Obscene
../data\5sHc67b_jpg.jpg,Obscene
../data\5QKcp6E_jpg.jpg,ERROR
../data\5Tiz3N5_jpg.jpg,Obscene
../data\5uts5YF_jpg.jpg,Obscene
../data\5sS9rET_jpg.jpg,Obscene
../data\5v0x9_jpg.jpg,Obscene
../data\5vg40dwc7hl11_png.jpg,Obscene
../data\5tc21g2v8rw11_jpg.jpg,Obscene
../data\5t2T8_jpg.jpg,Obscene
../data\5u70ZCg_jpg.jpg,Obscene
../data\5tytkak99ev11_jpg.jpg,Obscene
../data\5ueG1hh_jpg.jpg,Obscene
../data\5qkxc1db44s01_jpg.jpg,ERROR
../data\5XVTOXg_jpg.jpg,Obscene
../data\5vCogCm_jpg.jpg,Obscene
../data\5tKklB6_jpg.jpg,Obscene
../data\5wT5kBL_jpg.jpg,Obscene
../data\5vmDfE5_jpg.jpg,Obscene
../data\5viTJbm_jpg.jpg,Obscene
../data\5VNU4hf_jpg.jpg,Obscene
../data\5Vc2XWT_png.jpg,Obscene
../data\5tn1nys7ux121_jpg.jpg,Obscene
../data\5WGMFgL_jpg.jpg,Obscene
../data\5xFC5K7_jpg.jpg,Obscene
../data\5TfITov_jpg.jpg,ERROR
../data\5WSUwU5_jpg.jpg,Obscene
../data\5V89HYJ_jpg.jpg,Obscene
../data\5vjvX3H_jpg.jpg,Obscene
../data\5tq26y0mmm921_jpg.jpg,Obscene
../data\5WizRY6_jpg.jpg,Obscene
../data\5Wipt90_jpg.jpg,Obscene
../data\5tsZprh_jpg.jpg,Obscene
../data\5wNMh4O_png.jpg,Obscene
../data\5wbnv_jpg.jpg,Obscene
../data\5vvqirmu0yt11_jpg.jpg,Obscene
../data\5y9BtJ4_jpg.jpg,Obscene
../data\5wj0j8s0u6cz_jpg.jpg,Obscene
../data\5WmtKjV_jpg.jpg,ERROR
../data\5th70tl6gk621_jpg.jpg,ERROR
../data\5xBMqa0_jpg.jpg,Obscene
../data\5SKBqvs_jpg.jpg,ERROR
../data\5vOINSJ_jpg.jpg,Obscene
../data\5x3g5yd73jw01_jpg.jpg,Obscene
../data\5uf1vee5bto01_jpg.jpg,ERROR
../data\5tLrI_jpg.jpg,ERROR
../data\5TQPzTC_jpg.jpg,Obscene
../data\604qdwn_jpg.jpg,Obscene
../data\606jBHS_jpg.jpg,Obscene
../data\5vcrj1e4ui121_jpg.jpg,ERROR
../data\5ymu36xm2wcz_jpg.jpg,Obscene
../data\5wawHQl_jpg.jpg,Obscene
../data\5XXnI3U_jpg.jpg,Obscene
../data\5ZFf2Fp_jpg.jpg,Obscene
../data\5yrvgrn04xy11_png.jpg,Obscene
../data\5z9jXOZ_jpg.jpg,Obscene
../data\5Zxqxdr_jpg.jpg,Obscene
../data\5yR4aBN_jpg.jpg,Obscene
../data\5yvXOk1_jpg.jpg,Obscene
../data\5yEgwlf_jpg.jpg,Obscene
../data\5yps6vxlcac21_jpg.jpg,Obscene
../data\5z2hxtt_jpg.jpg,Obscene
